cik,accession,form,filed,company,query_phrase,source_url
1005942,0001193125-26-132001,497K,2026-03-30,PUTNAM FUNDS TRUST  (CIK 0001005942),"""conversion of the fund into an exchange-traded fund""",https://www.sec.gov/Archives/edgar/data/1005942/000119312526132001/d142752d497k.htm
1005942,0001193125-26-131983,497,2026-03-30,PUTNAM FUNDS TRUST  (CIK 0001005942),"""conversion of the fund into an exchange-traded fund""",https://www.sec.gov/Archives/edgar/data/1005942/000119312526131983/d142752d497.htm
1005942,0001655589-26-000781,497,2026-05-22,PUTNAM FUNDS TRUST  (CIK 0001005942),"""conversion of the fund into an exchange-traded fund""",https://www.sec.gov/Archives/edgar/data/1005942/000165558926000781/c497.htm
1005942,0001655589-26-000782,497K,2026-05-22,PUTNAM FUNDS TRUST  (CIK 0001005942),"""conversion of the fund into an exchange-traded fund""",https://www.sec.gov/Archives/edgar/data/1005942/000165558926000782/c497k.htm
1580956,0001193125-26-129258,497K,2026-03-27,"Cohen & Steers Future of Energy Fund, INC  (CIK 0001580956)","""conversion of the fund into an exchange-traded fund""",https://www.sec.gov/Archives/edgar/data/1580956/000119312526129258/d100357d497k.htm
1562565,0001133228-25-000086,N-14,2025-01-03,Fidelity Merrimack Street Trust  (CIK 0001562565),"""conversion of the fund into an exchange-traded fund""",https://www.sec.gov/Archives/edgar/data/1562565/000113322825000086/fmst-efp13398_n14.htm
1413594,0001104659-24-099734,497K,2024-09-13,abrdn Funds  (CIK 0001413594),"""conversion of each fund into an ETF""",https://www.sec.gov/Archives/edgar/data/1413594/000110465924099734/a24-9596_4497k.htm
1413594,0001104659-24-099733,497K,2024-09-13,abrdn Funds  (CIK 0001413594),"""conversion of each fund into an ETF""",https://www.sec.gov/Archives/edgar/data/1413594/000110465924099733/a24-9596_3497k.htm
1413594,0001104659-24-099729,497,2024-09-13,abrdn Funds  (CIK 0001413594),"""conversion of each fund into an ETF""",https://www.sec.gov/Archives/edgar/data/1413594/000110465924099729/a24-9596_2497.htm
1845809,0001193125-25-153842,497K,2025-07-01,Putnam ETF Trust  (CIK 0001845809),"""semi-transparent exchange-traded fund""",https://www.sec.gov/Archives/edgar/data/1845809/000119312525153842/d50761d497k.htm
1845809,0001193125-25-153841,497,2025-07-01,Putnam ETF Trust  (CIK 0001845809),"""semi-transparent exchange-traded fund""",https://www.sec.gov/Archives/edgar/data/1845809/000119312525153841/d50761d497.htm
1414040,0001398344-21-004385,497K,2021-02-23,ALPS ETF Trust  (CIK 0001414040),"""semi-transparent exchange-traded fund""",https://www.sec.gov/Archives/edgar/data/1414040/000139834421004385/fp0062351_497k.htm
1414040,0001398344-21-006440,497K,2021-03-12,ALPS ETF Trust  (CIK 0001414040),"""semi-transparent exchange-traded fund""",https://www.sec.gov/Archives/edgar/data/1414040/000139834421006440/fp0063529_497k.htm
1414040,0001398344-22-007007,497K,2022-04-05,ALPS ETF Trust  (CIK 0001414040),"""semi-transparent exchange-traded fund""",https://www.sec.gov/Archives/edgar/data/1414040/000139834422007007/fp0074757_497k.htm
1414040,0001398344-23-006985,497K,2023-04-04,ALPS ETF Trust  (CIK 0001414040),"""semi-transparent exchange-traded fund""",https://www.sec.gov/Archives/edgar/data/1414040/000139834423006985/fp0082641-52_497k.htm
1795351,0001795351-19-000006,N-1A,2019-12-11,"T. Rowe Price Exchange-Traded Funds, Inc.  (CIK 0001795351)","""semi-transparent exchange-traded fund""",https://www.sec.gov/Archives/edgar/data/1795351/000179535119000006/etfn1a.htm
1414040,0001398344-21-006439,497,2021-03-12,ALPS ETF Trust  (CIK 0001414040),"""semi-transparent exchange-traded fund""",https://www.sec.gov/Archives/edgar/data/1414040/000139834421006439/fp0063530_497-ixbrl.htm
1414040,0001398344-21-004382,497,2021-02-23,ALPS ETF Trust  (CIK 0001414040),"""semi-transparent exchange-traded fund""",https://www.sec.gov/Archives/edgar/data/1414040/000139834421004382/fp062666_497-ixbrl.htm
891944,0000898531-23-000238,N-14,2023-06-05,HENNESSY FUNDS TRUST  (CIK 0000891944),"""semi-transparent exchange-traded fund""",https://www.sec.gov/Archives/edgar/data/891944/000089853123000238/hft_qit-n14.htm
891944,0001387131-23-010360,497,2023-08-25,HENNESSY FUNDS TRUST  (CIK 0000891944),"""semi-transparent exchange-traded fund""",https://www.sec.gov/Archives/edgar/data/891944/000138713123010360/hft-497_082523.htm
891944,0001387131-23-010119,N-14/A,2023-08-23,HENNESSY FUNDS TRUST  (CIK 0000891944),"""semi-transparent exchange-traded fund""",https://www.sec.gov/Archives/edgar/data/891944/000138713123010119/hft-n14a_082223.htm
891944,0001387131-23-010162,N-14/A,2023-08-23,HENNESSY FUNDS TRUST  (CIK 0000891944),"""semi-transparent exchange-traded fund""",https://www.sec.gov/Archives/edgar/data/891944/000138713123010162/hft-n14a_082223.htm
1792795,0001193125-22-284794,497,2022-11-14,ActiveShares ETF Trust  (CIK 0001792795),"""ActiveShares""",https://www.sec.gov/Archives/edgar/data/1792795/000119312522284794/d420666d497.htm
1792795,0001193125-21-069607,497K,2021-03-04,ActiveShares ETF Trust  (CIK 0001792795),"""ActiveShares""",https://www.sec.gov/Archives/edgar/data/1792795/000119312521069607/d321633d497k.htm
1792795,0001193125-20-075102,497K,2020-03-17,ActiveShares ETF Trust  (CIK 0001792795),"""ActiveShares""",https://www.sec.gov/Archives/edgar/data/1792795/000119312520075102/d874065d497k.htm
1792795,0001193125-21-069595,497,2021-03-04,ActiveShares ETF Trust  (CIK 0001792795),"""ActiveShares""",https://www.sec.gov/Archives/edgar/data/1792795/000119312521069595/d321633d497.htm
1792795,0001193125-20-015437,EX-99.(I),2020-01-27,ActiveShares ETF Trust  (CIK 0001792795),"""ActiveShares""",https://www.sec.gov/Archives/edgar/data/1792795/000119312520015437/d822612dex99i.htm
1792795,0001193125-22-250289,497,2022-09-26,ActiveShares ETF Trust  (CIK 0001792795),"""ActiveShares""",https://www.sec.gov/Archives/edgar/data/1792795/000119312522250289/d350679d497.htm
1792795,0001193125-19-281780,N-8A,2019-11-01,ActiveShares ETF Trust  (CIK 0001792795),"""ActiveShares""",https://www.sec.gov/Archives/edgar/data/1792795/000119312519281780/d822467dn8a.htm
1792795,0001193125-20-298214,497K,2020-11-19,ActiveShares ETF Trust  (CIK 0001792795),"""ActiveShares""",https://www.sec.gov/Archives/edgar/data/1792795/000119312520298214/d36402d497k.htm
1792795,0001193125-20-206512,497K,2020-07-31,ActiveShares ETF Trust  (CIK 0001792795),"""ActiveShares""",https://www.sec.gov/Archives/edgar/data/1792795/000119312520206512/d216040d497k.htm
1792795,0001193125-20-298203,497,2020-11-19,ActiveShares ETF Trust  (CIK 0001792795),"""ActiveShares""",https://www.sec.gov/Archives/edgar/data/1792795/000119312520298203/d36402d497.htm
1792795,0001193125-22-284800,497K,2022-11-14,ActiveShares ETF Trust  (CIK 0001792795),"""ActiveShares""",https://www.sec.gov/Archives/edgar/data/1792795/000119312522284800/d420666d497k.htm
1807486,0001193125-21-048893,EX-99.H.2,2021-02-19,Alger ETF Trust  (CIK 0001807486),"""ActiveShares""",https://www.sec.gov/Archives/edgar/data/1807486/000119312521048893/d99201dex99h2.htm
1645194,0001193125-20-306968,497K,2020-12-01,Legg Mason ETF Investment Trust  (CIK 0001645194),"""ActiveShares""",https://www.sec.gov/Archives/edgar/data/1645194/000119312520306968/d99085d497k.htm
1886172,0001193125-21-369405,EX-99.H.4,2021-12-30,DoubleLine ETF Trust  (CIK 0001886172),"""ActiveShares""",https://www.sec.gov/Archives/edgar/data/1886172/000119312521369405/d263049dex99h4.htm
1792795,0001193125-19-321224,COVER,2019-12-23,ActiveShares ETF Trust  (CIK 0001792795),"""ActiveShares""",https://www.sec.gov/Archives/edgar/data/1792795/000119312519321224/filename21.htm
1792795,0001193125-19-283456,EX-99.A.1,2019-11-04,ActiveShares ETF Trust  (CIK 0001792795),"""ActiveShares""",https://www.sec.gov/Archives/edgar/data/1792795/000119312519283456/d822612dex99a1.htm
1748425,0001193125-20-270276,EX-99.(H)(3),2020-10-15,Gabelli ETFs Trust  (CIK 0001748425),"""ActiveShares""",https://www.sec.gov/Archives/edgar/data/1748425/000119312520270276/d98712dex99h3.htm
863520,0001193125-20-306979,497K,2020-12-01,WESTERN ASSET FUNDS INC  (CIK 0000863520),"""ActiveShares""",https://www.sec.gov/Archives/edgar/data/863520/000119312520306979/d99085d497k.htm
1792795,0001193125-21-198123,497,2021-06-24,ActiveShares ETF Trust  (CIK 0001792795),"""ActiveShares""",https://www.sec.gov/Archives/edgar/data/1792795/000119312521198123/d161136d497.htm
1792795,0001193125-20-128702,497,2020-04-30,ActiveShares ETF Trust  (CIK 0001792795),"""ActiveShares""",https://www.sec.gov/Archives/edgar/data/1792795/000119312520128702/d902119d497.htm
1792795,0001193125-21-152847,497,2021-05-06,ActiveShares ETF Trust  (CIK 0001792795),"""ActiveShares""",https://www.sec.gov/Archives/edgar/data/1792795/000119312521152847/d163283d497.htm
880366,0001193125-20-307007,497K,2020-12-01,LEGG MASON PARTNERS EQUITY TRUST  (CIK 0000880366),"""ActiveShares""",https://www.sec.gov/Archives/edgar/data/880366/000119312520307007/d99085d497k.htm
1748425,0001193125-20-272753,EX-99.(H)(3),2020-10-20,Gabelli ETFs Trust  (CIK 0001748425),"""ActiveShares""",https://www.sec.gov/Archives/edgar/data/1748425/000119312520272753/d98712dex99h3.htm
1792795,0001193125-21-209425,497,2021-07-07,ActiveShares ETF Trust  (CIK 0001792795),"""ActiveShares""",https://www.sec.gov/Archives/edgar/data/1792795/000119312521209425/d194974d497.htm
1474103,0001193125-20-306989,497K,2020-12-01,Legg Mason Global Asset Management Trust  (CIK 0001474103),"""ActiveShares""",https://www.sec.gov/Archives/edgar/data/1474103/000119312520306989/d99085d497k.htm
1792795,0001193125-22-250290,497K,2022-09-26,ActiveShares ETF Trust  (CIK 0001792795),"""ActiveShares""",https://www.sec.gov/Archives/edgar/data/1792795/000119312522250290/d350679d497k.htm
1886172,0001193125-22-046700,EX-99.H.3,2022-02-18,DoubleLine ETF Trust  (CIK 0001886172),"""ActiveShares""",https://www.sec.gov/Archives/edgar/data/1886172/000119312522046700/d100216dex99h3.htm
1645194,0001193125-20-306985,497K,2020-12-01,Legg Mason ETF Investment Trust  (CIK 0001645194),"""ActiveShares""",https://www.sec.gov/Archives/edgar/data/1645194/000119312520306985/d99085d497k.htm
1645194,0001193125-20-307018,497K,2020-12-01,Legg Mason ETF Investment Trust  (CIK 0001645194),"""ActiveShares""",https://www.sec.gov/Archives/edgar/data/1645194/000119312520307018/d99085d497k.htm
1645194,0001193125-20-306944,497,2020-12-01,Legg Mason ETF Investment Trust  (CIK 0001645194),"""ActiveShares""",https://www.sec.gov/Archives/edgar/data/1645194/000119312520306944/d99085d497.htm
880366,0001193125-20-206549,497K,2020-07-31,LEGG MASON PARTNERS EQUITY TRUST  (CIK 0000880366),"""ActiveShares""",https://www.sec.gov/Archives/edgar/data/880366/000119312520206549/d216040d497k.htm
747576,0001193125-20-206592,497K,2020-07-31,LEGG MASON PARTNERS MONEY MARKET TRUST  (CIK 0000747576),"""ActiveShares""",https://www.sec.gov/Archives/edgar/data/747576/000119312520206592/d216040d497k.htm
1792795,0001193125-20-109351,497K,2020-04-16,ActiveShares ETF Trust  (CIK 0001792795),"""ActiveShares""",https://www.sec.gov/Archives/edgar/data/1792795/000119312520109351/d874065d497k.htm
764624,0001193125-20-307009,497K,2020-12-01,LEGG MASON PARTNERS INCOME TRUST  (CIK 0000764624),"""ActiveShares""",https://www.sec.gov/Archives/edgar/data/764624/000119312520307009/d99085d497k.htm
1474103,0001193125-20-307013,497K,2020-12-01,Legg Mason Global Asset Management Trust  (CIK 0001474103),"""ActiveShares""",https://www.sec.gov/Archives/edgar/data/1474103/000119312520307013/d99085d497k.htm
1792795,0001193125-20-102273,497K,2020-04-09,ActiveShares ETF Trust  (CIK 0001792795),"""ActiveShares""",https://www.sec.gov/Archives/edgar/data/1792795/000119312520102273/d874065d497k.htm
880366,0001193125-20-306994,497K,2020-12-01,LEGG MASON PARTNERS EQUITY TRUST  (CIK 0000880366),"""ActiveShares""",https://www.sec.gov/Archives/edgar/data/880366/000119312520306994/d99085d497k.htm
889512,0001193125-20-206604,497K,2020-07-31,LEGG MASON PARTNERS INSTITUTIONAL TRUST  (CIK 0000889512),"""ActiveShares""",https://www.sec.gov/Archives/edgar/data/889512/000119312520206604/d216040d497k.htm
880366,0001193125-20-307017,497K,2020-12-01,LEGG MASON PARTNERS EQUITY TRUST  (CIK 0000880366),"""ActiveShares""",https://www.sec.gov/Archives/edgar/data/880366/000119312520307017/d99085d497k.htm
1792795,0001193125-21-198124,497K,2021-06-24,ActiveShares ETF Trust  (CIK 0001792795),"""ActiveShares""",https://www.sec.gov/Archives/edgar/data/1792795/000119312521198124/d161136d497k.htm
1474103,0001193125-20-307023,497K,2020-12-01,Legg Mason Global Asset Management Trust  (CIK 0001474103),"""ActiveShares""",https://www.sec.gov/Archives/edgar/data/1474103/000119312520307023/d99085d497k.htm
1474103,0001193125-20-306971,497K,2020-12-01,Legg Mason Global Asset Management Trust  (CIK 0001474103),"""ActiveShares""",https://www.sec.gov/Archives/edgar/data/1474103/000119312520306971/d99085d497k.htm
863520,0001193125-20-307019,497K,2020-12-01,WESTERN ASSET FUNDS INC  (CIK 0000863520),"""ActiveShares""",https://www.sec.gov/Archives/edgar/data/863520/000119312520307019/d99085d497k.htm
880366,0001193125-20-307016,497K,2020-12-01,LEGG MASON PARTNERS EQUITY TRUST  (CIK 0000880366),"""ActiveShares""",https://www.sec.gov/Archives/edgar/data/880366/000119312520307016/d99085d497k.htm
880366,0001193125-20-307021,497K,2020-12-01,LEGG MASON PARTNERS EQUITY TRUST  (CIK 0000880366),"""ActiveShares""",https://www.sec.gov/Archives/edgar/data/880366/000119312520307021/d99085d497k.htm
764624,0001193125-20-206567,497K,2020-07-31,LEGG MASON PARTNERS INCOME TRUST  (CIK 0000764624),"""ActiveShares""",https://www.sec.gov/Archives/edgar/data/764624/000119312520206567/d216040d497k.htm
1645194,0001193125-20-307020,497K,2020-12-01,Legg Mason ETF Investment Trust  (CIK 0001645194),"""ActiveShares""",https://www.sec.gov/Archives/edgar/data/1645194/000119312520307020/d99085d497k.htm
880366,0001193125-20-306975,497K,2020-12-01,LEGG MASON PARTNERS EQUITY TRUST  (CIK 0000880366),"""ActiveShares""",https://www.sec.gov/Archives/edgar/data/880366/000119312520306975/d99085d497k.htm
1792795,0001193125-21-152850,497K,2021-05-06,ActiveShares ETF Trust  (CIK 0001792795),"""ActiveShares""",https://www.sec.gov/Archives/edgar/data/1792795/000119312521152850/d163283d497k.htm
880366,0001193125-20-306974,497K,2020-12-01,LEGG MASON PARTNERS EQUITY TRUST  (CIK 0000880366),"""ActiveShares""",https://www.sec.gov/Archives/edgar/data/880366/000119312520306974/d99085d497k.htm
880366,0001193125-20-306995,497K,2020-12-01,LEGG MASON PARTNERS EQUITY TRUST  (CIK 0000880366),"""ActiveShares""",https://www.sec.gov/Archives/edgar/data/880366/000119312520306995/d99085d497k.htm
880366,0001193125-20-306986,497K,2020-12-01,LEGG MASON PARTNERS EQUITY TRUST  (CIK 0000880366),"""ActiveShares""",https://www.sec.gov/Archives/edgar/data/880366/000119312520306986/d99085d497k.htm
880366,0001193125-20-306988,497K,2020-12-01,LEGG MASON PARTNERS EQUITY TRUST  (CIK 0000880366),"""ActiveShares""",https://www.sec.gov/Archives/edgar/data/880366/000119312520306988/d99085d497k.htm
764624,0001193125-20-307011,497K,2020-12-01,LEGG MASON PARTNERS INCOME TRUST  (CIK 0000764624),"""ActiveShares""",https://www.sec.gov/Archives/edgar/data/764624/000119312520307011/d99085d497k.htm
1474103,0001193125-20-306973,497K,2020-12-01,Legg Mason Global Asset Management Trust  (CIK 0001474103),"""ActiveShares""",https://www.sec.gov/Archives/edgar/data/1474103/000119312520306973/d99085d497k.htm
764624,0001193125-20-206568,497K,2020-07-31,LEGG MASON PARTNERS INCOME TRUST  (CIK 0000764624),"""ActiveShares""",https://www.sec.gov/Archives/edgar/data/764624/000119312520206568/d216040d497k.htm
880366,0001193125-20-306976,497K,2020-12-01,LEGG MASON PARTNERS EQUITY TRUST  (CIK 0000880366),"""ActiveShares""",https://www.sec.gov/Archives/edgar/data/880366/000119312520306976/d99085d497k.htm
1474103,0001193125-20-306981,497K,2020-12-01,Legg Mason Global Asset Management Trust  (CIK 0001474103),"""ActiveShares""",https://www.sec.gov/Archives/edgar/data/1474103/000119312520306981/d99085d497k.htm
880366,0001193125-20-307014,497K,2020-12-01,LEGG MASON PARTNERS EQUITY TRUST  (CIK 0000880366),"""ActiveShares""",https://www.sec.gov/Archives/edgar/data/880366/000119312520307014/d99085d497k.htm
880366,0001193125-20-206574,497K,2020-07-31,LEGG MASON PARTNERS EQUITY TRUST  (CIK 0000880366),"""ActiveShares""",https://www.sec.gov/Archives/edgar/data/880366/000119312520206574/d216040d497k.htm
880366,0001193125-20-206576,497K,2020-07-31,LEGG MASON PARTNERS EQUITY TRUST  (CIK 0000880366),"""ActiveShares""",https://www.sec.gov/Archives/edgar/data/880366/000119312520206576/d216040d497k.htm
863520,0001193125-20-307004,497K,2020-12-01,WESTERN ASSET FUNDS INC  (CIK 0000863520),"""ActiveShares""",https://www.sec.gov/Archives/edgar/data/863520/000119312520307004/d99085d497k.htm
880366,0001193125-20-306999,497K,2020-12-01,LEGG MASON PARTNERS EQUITY TRUST  (CIK 0000880366),"""ActiveShares""",https://www.sec.gov/Archives/edgar/data/880366/000119312520306999/d99085d497k.htm
764624,0001193125-20-307008,497K,2020-12-01,LEGG MASON PARTNERS INCOME TRUST  (CIK 0000764624),"""ActiveShares""",https://www.sec.gov/Archives/edgar/data/764624/000119312520307008/d99085d497k.htm
1474103,0001193125-20-307015,497K,2020-12-01,Legg Mason Global Asset Management Trust  (CIK 0001474103),"""ActiveShares""",https://www.sec.gov/Archives/edgar/data/1474103/000119312520307015/d99085d497k.htm
1474103,0001193125-20-307022,497K,2020-12-01,Legg Mason Global Asset Management Trust  (CIK 0001474103),"""ActiveShares""",https://www.sec.gov/Archives/edgar/data/1474103/000119312520307022/d99085d497k.htm
863520,0001193125-20-307002,497K,2020-12-01,WESTERN ASSET FUNDS INC  (CIK 0000863520),"""ActiveShares""",https://www.sec.gov/Archives/edgar/data/863520/000119312520307002/d99085d497k.htm
863520,0001193125-20-307006,497K,2020-12-01,WESTERN ASSET FUNDS INC  (CIK 0000863520),"""ActiveShares""",https://www.sec.gov/Archives/edgar/data/863520/000119312520307006/d99085d497k.htm
764624,0001193125-20-307010,497K,2020-12-01,LEGG MASON PARTNERS INCOME TRUST  (CIK 0000764624),"""ActiveShares""",https://www.sec.gov/Archives/edgar/data/764624/000119312520307010/d99085d497k.htm
880366,0001193125-20-306982,497K,2020-12-01,LEGG MASON PARTNERS EQUITY TRUST  (CIK 0000880366),"""ActiveShares""",https://www.sec.gov/Archives/edgar/data/880366/000119312520306982/d99085d497k.htm
1474103,0001193125-20-306992,497K,2020-12-01,Legg Mason Global Asset Management Trust  (CIK 0001474103),"""ActiveShares""",https://www.sec.gov/Archives/edgar/data/1474103/000119312520306992/d99085d497k.htm
863520,0001193125-20-307003,497K,2020-12-01,WESTERN ASSET FUNDS INC  (CIK 0000863520),"""ActiveShares""",https://www.sec.gov/Archives/edgar/data/863520/000119312520307003/d99085d497k.htm
1645194,0001193125-20-206539,497K,2020-07-31,Legg Mason ETF Investment Trust  (CIK 0001645194),"""ActiveShares""",https://www.sec.gov/Archives/edgar/data/1645194/000119312520206539/d216040d497k.htm
1474103,0001193125-20-206548,497K,2020-07-31,Legg Mason Global Asset Management Trust  (CIK 0001474103),"""ActiveShares""",https://www.sec.gov/Archives/edgar/data/1474103/000119312520206548/d216040d497k.htm
1645194,0001193125-20-206582,497K,2020-07-31,Legg Mason ETF Investment Trust  (CIK 0001645194),"""ActiveShares""",https://www.sec.gov/Archives/edgar/data/1645194/000119312520206582/d216040d497k.htm
863520,0001193125-20-206591,497K,2020-07-31,WESTERN ASSET FUNDS INC  (CIK 0000863520),"""ActiveShares""",https://www.sec.gov/Archives/edgar/data/863520/000119312520206591/d216040d497k.htm
1474103,0001193125-20-306972,497K,2020-12-01,Legg Mason Global Asset Management Trust  (CIK 0001474103),"""ActiveShares""",https://www.sec.gov/Archives/edgar/data/1474103/000119312520306972/d99085d497k.htm
764624,0001193125-20-206536,497K,2020-07-31,LEGG MASON PARTNERS INCOME TRUST  (CIK 0000764624),"""ActiveShares""",https://www.sec.gov/Archives/edgar/data/764624/000119312520206536/d216040d497k.htm
764624,0001193125-20-206553,497K,2020-07-31,LEGG MASON PARTNERS INCOME TRUST  (CIK 0000764624),"""ActiveShares""",https://www.sec.gov/Archives/edgar/data/764624/000119312520206553/d216040d497k.htm
850628,0001193125-20-206605,497K,2020-07-31,LEGG MASON PARTNERS PREMIUM MONEY MARKET TRUST  (CIK 0000850628),"""ActiveShares""",https://www.sec.gov/Archives/edgar/data/850628/000119312520206605/d216040d497k.htm
1474103,0001193125-20-307024,497K,2020-12-01,Legg Mason Global Asset Management Trust  (CIK 0001474103),"""ActiveShares""",https://www.sec.gov/Archives/edgar/data/1474103/000119312520307024/d99085d497k.htm
880366,0001193125-20-306984,497K,2020-12-01,LEGG MASON PARTNERS EQUITY TRUST  (CIK 0000880366),"""ActiveShares""",https://www.sec.gov/Archives/edgar/data/880366/000119312520306984/d99085d497k.htm
863520,0001193125-20-307005,497K,2020-12-01,WESTERN ASSET FUNDS INC  (CIK 0000863520),"""ActiveShares""",https://www.sec.gov/Archives/edgar/data/863520/000119312520307005/d99085d497k.htm
1474103,0001193125-20-206531,497K,2020-07-31,Legg Mason Global Asset Management Trust  (CIK 0001474103),"""ActiveShares""",https://www.sec.gov/Archives/edgar/data/1474103/000119312520206531/d216040d497k.htm
889512,0001193125-20-206599,497K,2020-07-31,LEGG MASON PARTNERS INSTITUTIONAL TRUST  (CIK 0000889512),"""ActiveShares""",https://www.sec.gov/Archives/edgar/data/889512/000119312520206599/d216040d497k.htm
1474103,0001193125-20-307026,497K,2020-12-01,Legg Mason Global Asset Management Trust  (CIK 0001474103),"""ActiveShares""",https://www.sec.gov/Archives/edgar/data/1474103/000119312520307026/d99085d497k.htm
1474103,0001193125-20-306970,497K,2020-12-01,Legg Mason Global Asset Management Trust  (CIK 0001474103),"""ActiveShares""",https://www.sec.gov/Archives/edgar/data/1474103/000119312520306970/d99085d497k.htm
1645194,0001193125-20-306983,497K,2020-12-01,Legg Mason ETF Investment Trust  (CIK 0001645194),"""ActiveShares""",https://www.sec.gov/Archives/edgar/data/1645194/000119312520306983/d99085d497k.htm
1474103,0001193125-20-306993,497K,2020-12-01,Legg Mason Global Asset Management Trust  (CIK 0001474103),"""ActiveShares""",https://www.sec.gov/Archives/edgar/data/1474103/000119312520306993/d99085d497k.htm
764624,0001193125-20-307000,497K,2020-12-01,LEGG MASON PARTNERS INCOME TRUST  (CIK 0000764624),"""ActiveShares""",https://www.sec.gov/Archives/edgar/data/764624/000119312520307000/d99085d497k.htm
880366,0001193125-20-306997,497K,2020-12-01,LEGG MASON PARTNERS EQUITY TRUST  (CIK 0000880366),"""ActiveShares""",https://www.sec.gov/Archives/edgar/data/880366/000119312520306997/d99085d497k.htm
764624,0001193125-20-307001,497K,2020-12-01,LEGG MASON PARTNERS INCOME TRUST  (CIK 0000764624),"""ActiveShares""",https://www.sec.gov/Archives/edgar/data/764624/000119312520307001/d99085d497k.htm
880366,0001193125-20-206544,497K,2020-07-31,LEGG MASON PARTNERS EQUITY TRUST  (CIK 0000880366),"""ActiveShares""",https://www.sec.gov/Archives/edgar/data/880366/000119312520206544/d216040d497k.htm
889512,0001193125-20-206541,497K,2020-07-31,LEGG MASON PARTNERS INSTITUTIONAL TRUST  (CIK 0000889512),"""ActiveShares""",https://www.sec.gov/Archives/edgar/data/889512/000119312520206541/d216040d497k.htm
764624,0001193125-20-206565,497K,2020-07-31,LEGG MASON PARTNERS INCOME TRUST  (CIK 0000764624),"""ActiveShares""",https://www.sec.gov/Archives/edgar/data/764624/000119312520206565/d216040d497k.htm
1474103,0001193125-20-206584,497K,2020-07-31,Legg Mason Global Asset Management Trust  (CIK 0001474103),"""ActiveShares""",https://www.sec.gov/Archives/edgar/data/1474103/000119312520206584/d216040d497k.htm
1474103,0001193125-20-206555,497K,2020-07-31,Legg Mason Global Asset Management Trust  (CIK 0001474103),"""ActiveShares""",https://www.sec.gov/Archives/edgar/data/1474103/000119312520206555/d216040d497k.htm
1645194,0001193125-20-306980,497K,2020-12-01,Legg Mason ETF Investment Trust  (CIK 0001645194),"""ActiveShares""",https://www.sec.gov/Archives/edgar/data/1645194/000119312520306980/d99085d497k.htm
764624,0001193125-20-306978,497K,2020-12-01,LEGG MASON PARTNERS INCOME TRUST  (CIK 0000764624),"""ActiveShares""",https://www.sec.gov/Archives/edgar/data/764624/000119312520306978/d99085d497k.htm
1474103,0001193125-20-306990,497K,2020-12-01,Legg Mason Global Asset Management Trust  (CIK 0001474103),"""ActiveShares""",https://www.sec.gov/Archives/edgar/data/1474103/000119312520306990/d99085d497k.htm
1474103,0001193125-20-306991,497K,2020-12-01,Legg Mason Global Asset Management Trust  (CIK 0001474103),"""ActiveShares""",https://www.sec.gov/Archives/edgar/data/1474103/000119312520306991/d99085d497k.htm
863520,0001193125-20-206601,497K,2020-07-31,WESTERN ASSET FUNDS INC  (CIK 0000863520),"""ActiveShares""",https://www.sec.gov/Archives/edgar/data/863520/000119312520206601/d216040d497k.htm
880366,0001193125-20-206575,497K,2020-07-31,LEGG MASON PARTNERS EQUITY TRUST  (CIK 0000880366),"""ActiveShares""",https://www.sec.gov/Archives/edgar/data/880366/000119312520206575/d216040d497k.htm
880366,0001193125-20-206532,497K,2020-07-31,LEGG MASON PARTNERS EQUITY TRUST  (CIK 0000880366),"""ActiveShares""",https://www.sec.gov/Archives/edgar/data/880366/000119312520206532/d216040d497k.htm
764624,0001193125-20-206527,497K,2020-07-31,LEGG MASON PARTNERS INCOME TRUST  (CIK 0000764624),"""ActiveShares""",https://www.sec.gov/Archives/edgar/data/764624/000119312520206527/d216040d497k.htm
764624,0001193125-20-206534,497K,2020-07-31,LEGG MASON PARTNERS INCOME TRUST  (CIK 0000764624),"""ActiveShares""",https://www.sec.gov/Archives/edgar/data/764624/000119312520206534/d216040d497k.htm
1474103,0001193125-20-206556,497K,2020-07-31,Legg Mason Global Asset Management Trust  (CIK 0001474103),"""ActiveShares""",https://www.sec.gov/Archives/edgar/data/1474103/000119312520206556/d216040d497k.htm
764624,0001193125-20-206577,497K,2020-07-31,LEGG MASON PARTNERS INCOME TRUST  (CIK 0000764624),"""ActiveShares""",https://www.sec.gov/Archives/edgar/data/764624/000119312520206577/d216040d497k.htm
764624,0001193125-20-206588,497K,2020-07-31,LEGG MASON PARTNERS INCOME TRUST  (CIK 0000764624),"""ActiveShares""",https://www.sec.gov/Archives/edgar/data/764624/000119312520206588/d216040d497k.htm
1474103,0001193125-20-307025,497K,2020-12-01,Legg Mason Global Asset Management Trust  (CIK 0001474103),"""ActiveShares""",https://www.sec.gov/Archives/edgar/data/1474103/000119312520307025/d99085d497k.htm
889512,0001193125-20-206580,497K,2020-07-31,LEGG MASON PARTNERS INSTITUTIONAL TRUST  (CIK 0000889512),"""ActiveShares""",https://www.sec.gov/Archives/edgar/data/889512/000119312520206580/d216040d497k.htm
1792795,0001193125-20-206504,497,2020-07-31,ActiveShares ETF Trust  (CIK 0001792795),"""ActiveShares""",https://www.sec.gov/Archives/edgar/data/1792795/000119312520206504/d216040d497.htm
1792795,0001193125-22-205061,497K,2022-07-29,ActiveShares ETF Trust  (CIK 0001792795),"""ActiveShares""",https://www.sec.gov/Archives/edgar/data/1792795/000119312522205061/d304418d497k.htm
880366,0001193125-20-206587,497K,2020-07-31,LEGG MASON PARTNERS EQUITY TRUST  (CIK 0000880366),"""ActiveShares""",https://www.sec.gov/Archives/edgar/data/880366/000119312520206587/d216040d497k.htm
1474103,0001193125-20-206514,497K,2020-07-31,Legg Mason Global Asset Management Trust  (CIK 0001474103),"""ActiveShares""",https://www.sec.gov/Archives/edgar/data/1474103/000119312520206514/d216040d497k.htm
880366,0001193125-20-206516,497K,2020-07-31,LEGG MASON PARTNERS EQUITY TRUST  (CIK 0000880366),"""ActiveShares""",https://www.sec.gov/Archives/edgar/data/880366/000119312520206516/d216040d497k.htm
880366,0001193125-20-206524,497K,2020-07-31,LEGG MASON PARTNERS EQUITY TRUST  (CIK 0000880366),"""ActiveShares""",https://www.sec.gov/Archives/edgar/data/880366/000119312520206524/d216040d497k.htm
880366,0001193125-20-206520,497K,2020-07-31,LEGG MASON PARTNERS EQUITY TRUST  (CIK 0000880366),"""ActiveShares""",https://www.sec.gov/Archives/edgar/data/880366/000119312520206520/d216040d497k.htm
880366,0001193125-20-206517,497K,2020-07-31,LEGG MASON PARTNERS EQUITY TRUST  (CIK 0000880366),"""ActiveShares""",https://www.sec.gov/Archives/edgar/data/880366/000119312520206517/d216040d497k.htm
764624,0001193125-20-206525,497K,2020-07-31,LEGG MASON PARTNERS INCOME TRUST  (CIK 0000764624),"""ActiveShares""",https://www.sec.gov/Archives/edgar/data/764624/000119312520206525/d216040d497k.htm
764624,0001193125-20-206554,497K,2020-07-31,LEGG MASON PARTNERS INCOME TRUST  (CIK 0000764624),"""ActiveShares""",https://www.sec.gov/Archives/edgar/data/764624/000119312520206554/d216040d497k.htm
1474103,0001193125-20-306969,497K,2020-12-01,Legg Mason Global Asset Management Trust  (CIK 0001474103),"""ActiveShares""",https://www.sec.gov/Archives/edgar/data/1474103/000119312520306969/d99085d497k.htm
1474103,0001193125-20-306987,497K,2020-12-01,Legg Mason Global Asset Management Trust  (CIK 0001474103),"""ActiveShares""",https://www.sec.gov/Archives/edgar/data/1474103/000119312520306987/d99085d497k.htm
880366,0001193125-20-306998,497K,2020-12-01,LEGG MASON PARTNERS EQUITY TRUST  (CIK 0000880366),"""ActiveShares""",https://www.sec.gov/Archives/edgar/data/880366/000119312520306998/d99085d497k.htm
880366,0001193125-20-306996,497K,2020-12-01,LEGG MASON PARTNERS EQUITY TRUST  (CIK 0000880366),"""ActiveShares""",https://www.sec.gov/Archives/edgar/data/880366/000119312520306996/d99085d497k.htm
764624,0001193125-20-307012,497K,2020-12-01,LEGG MASON PARTNERS INCOME TRUST  (CIK 0000764624),"""ActiveShares""",https://www.sec.gov/Archives/edgar/data/764624/000119312520307012/d99085d497k.htm
880366,0001193125-20-306977,497K,2020-12-01,LEGG MASON PARTNERS EQUITY TRUST  (CIK 0000880366),"""ActiveShares""",https://www.sec.gov/Archives/edgar/data/880366/000119312520306977/d99085d497k.htm
880366,0001193125-20-206522,497K,2020-07-31,LEGG MASON PARTNERS EQUITY TRUST  (CIK 0000880366),"""ActiveShares""",https://www.sec.gov/Archives/edgar/data/880366/000119312520206522/d216040d497k.htm
889512,0001193125-20-206540,497K,2020-07-31,LEGG MASON PARTNERS INSTITUTIONAL TRUST  (CIK 0000889512),"""ActiveShares""",https://www.sec.gov/Archives/edgar/data/889512/000119312520206540/d216040d497k.htm
764624,0001193125-20-206581,497K,2020-07-31,LEGG MASON PARTNERS INCOME TRUST  (CIK 0000764624),"""ActiveShares""",https://www.sec.gov/Archives/edgar/data/764624/000119312520206581/d216040d497k.htm
747576,0001193125-20-206593,497K,2020-07-31,LEGG MASON PARTNERS MONEY MARKET TRUST  (CIK 0000747576),"""ActiveShares""",https://www.sec.gov/Archives/edgar/data/747576/000119312520206593/d216040d497k.htm
880366,0001193125-20-206523,497K,2020-07-31,LEGG MASON PARTNERS EQUITY TRUST  (CIK 0000880366),"""ActiveShares""",https://www.sec.gov/Archives/edgar/data/880366/000119312520206523/d216040d497k.htm
1474103,0001193125-20-206573,497K,2020-07-31,Legg Mason Global Asset Management Trust  (CIK 0001474103),"""ActiveShares""",https://www.sec.gov/Archives/edgar/data/1474103/000119312520206573/d216040d497k.htm
764624,0001193125-20-206545,497K,2020-07-31,LEGG MASON PARTNERS INCOME TRUST  (CIK 0000764624),"""ActiveShares""",https://www.sec.gov/Archives/edgar/data/764624/000119312520206545/d216040d497k.htm
880366,0001193125-20-206561,497K,2020-07-31,LEGG MASON PARTNERS EQUITY TRUST  (CIK 0000880366),"""ActiveShares""",https://www.sec.gov/Archives/edgar/data/880366/000119312520206561/d216040d497k.htm
1645194,0001193125-20-206569,497K,2020-07-31,Legg Mason ETF Investment Trust  (CIK 0001645194),"""ActiveShares""",https://www.sec.gov/Archives/edgar/data/1645194/000119312520206569/d216040d497k.htm
1474103,0001193125-20-206571,497K,2020-07-31,Legg Mason Global Asset Management Trust  (CIK 0001474103),"""ActiveShares""",https://www.sec.gov/Archives/edgar/data/1474103/000119312520206571/d216040d497k.htm
880366,0001193125-20-206586,497K,2020-07-31,LEGG MASON PARTNERS EQUITY TRUST  (CIK 0000880366),"""ActiveShares""",https://www.sec.gov/Archives/edgar/data/880366/000119312520206586/d216040d497k.htm
1645194,0001193125-20-206560,497K,2020-07-31,Legg Mason ETF Investment Trust  (CIK 0001645194),"""ActiveShares""",https://www.sec.gov/Archives/edgar/data/1645194/000119312520206560/d216040d497k.htm
764624,0001193125-20-206579,497K,2020-07-31,LEGG MASON PARTNERS INCOME TRUST  (CIK 0000764624),"""ActiveShares""",https://www.sec.gov/Archives/edgar/data/764624/000119312520206579/d216040d497k.htm
764624,0001193125-20-206546,497K,2020-07-31,LEGG MASON PARTNERS INCOME TRUST  (CIK 0000764624),"""ActiveShares""",https://www.sec.gov/Archives/edgar/data/764624/000119312520206546/d216040d497k.htm
863520,0001193125-20-206597,497K,2020-07-31,WESTERN ASSET FUNDS INC  (CIK 0000863520),"""ActiveShares""",https://www.sec.gov/Archives/edgar/data/863520/000119312520206597/d216040d497k.htm
1474103,0001193125-20-206521,497K,2020-07-31,Legg Mason Global Asset Management Trust  (CIK 0001474103),"""ActiveShares""",https://www.sec.gov/Archives/edgar/data/1474103/000119312520206521/d216040d497k.htm
889512,0001193125-20-206528,497K,2020-07-31,LEGG MASON PARTNERS INSTITUTIONAL TRUST  (CIK 0000889512),"""ActiveShares""",https://www.sec.gov/Archives/edgar/data/889512/000119312520206528/d216040d497k.htm
880366,0001193125-20-206550,497K,2020-07-31,LEGG MASON PARTNERS EQUITY TRUST  (CIK 0000880366),"""ActiveShares""",https://www.sec.gov/Archives/edgar/data/880366/000119312520206550/d216040d497k.htm
1474103,0001193125-20-206585,497K,2020-07-31,Legg Mason Global Asset Management Trust  (CIK 0001474103),"""ActiveShares""",https://www.sec.gov/Archives/edgar/data/1474103/000119312520206585/d216040d497k.htm
880366,0001193125-20-206564,497K,2020-07-31,LEGG MASON PARTNERS EQUITY TRUST  (CIK 0000880366),"""ActiveShares""",https://www.sec.gov/Archives/edgar/data/880366/000119312520206564/d216040d497k.htm
880366,0001193125-20-206572,497K,2020-07-31,LEGG MASON PARTNERS EQUITY TRUST  (CIK 0000880366),"""ActiveShares""",https://www.sec.gov/Archives/edgar/data/880366/000119312520206572/d216040d497k.htm
1645194,0001193125-20-206563,497K,2020-07-31,Legg Mason ETF Investment Trust  (CIK 0001645194),"""ActiveShares""",https://www.sec.gov/Archives/edgar/data/1645194/000119312520206563/d216040d497k.htm
880366,0001193125-20-206566,497K,2020-07-31,LEGG MASON PARTNERS EQUITY TRUST  (CIK 0000880366),"""ActiveShares""",https://www.sec.gov/Archives/edgar/data/880366/000119312520206566/d216040d497k.htm
1474103,0001193125-20-206570,497K,2020-07-31,Legg Mason Global Asset Management Trust  (CIK 0001474103),"""ActiveShares""",https://www.sec.gov/Archives/edgar/data/1474103/000119312520206570/d216040d497k.htm
1474103,0001193125-20-206515,497K,2020-07-31,Legg Mason Global Asset Management Trust  (CIK 0001474103),"""ActiveShares""",https://www.sec.gov/Archives/edgar/data/1474103/000119312520206515/d216040d497k.htm
764624,0001193125-20-206578,497K,2020-07-31,LEGG MASON PARTNERS INCOME TRUST  (CIK 0000764624),"""ActiveShares""",https://www.sec.gov/Archives/edgar/data/764624/000119312520206578/d216040d497k.htm
863520,0001193125-20-206595,497K,2020-07-31,WESTERN ASSET FUNDS INC  (CIK 0000863520),"""ActiveShares""",https://www.sec.gov/Archives/edgar/data/863520/000119312520206595/d216040d497k.htm
850628,0001193125-20-206600,497K,2020-07-31,LEGG MASON PARTNERS PREMIUM MONEY MARKET TRUST  (CIK 0000850628),"""ActiveShares""",https://www.sec.gov/Archives/edgar/data/850628/000119312520206600/d216040d497k.htm
1645194,0001193125-20-206519,497K,2020-07-31,Legg Mason ETF Investment Trust  (CIK 0001645194),"""ActiveShares""",https://www.sec.gov/Archives/edgar/data/1645194/000119312520206519/d216040d497k.htm
1645194,0001193125-20-206529,497K,2020-07-31,Legg Mason ETF Investment Trust  (CIK 0001645194),"""ActiveShares""",https://www.sec.gov/Archives/edgar/data/1645194/000119312520206529/d216040d497k.htm
1474103,0001193125-20-206547,497K,2020-07-31,Legg Mason Global Asset Management Trust  (CIK 0001474103),"""ActiveShares""",https://www.sec.gov/Archives/edgar/data/1474103/000119312520206547/d216040d497k.htm
1474103,0001193125-20-206542,497K,2020-07-31,Legg Mason Global Asset Management Trust  (CIK 0001474103),"""ActiveShares""",https://www.sec.gov/Archives/edgar/data/1474103/000119312520206542/d216040d497k.htm
1710607,0001710607-23-000204,497,2023-08-22,AMERICAN CENTURY ETF TRUST  (CIK 0001710607),"""ActiveShares""",https://www.sec.gov/Archives/edgar/data/1710607/000171060723000204/ck0001710607-20220831.htm
1645194,0001193125-20-206513,497K,2020-07-31,Legg Mason ETF Investment Trust  (CIK 0001645194),"""ActiveShares""",https://www.sec.gov/Archives/edgar/data/1645194/000119312520206513/d216040d497k.htm
889512,0001193125-20-206537,497K,2020-07-31,LEGG MASON PARTNERS INSTITUTIONAL TRUST  (CIK 0000889512),"""ActiveShares""",https://www.sec.gov/Archives/edgar/data/889512/000119312520206537/d216040d497k.htm
1474103,0001193125-20-206583,497K,2020-07-31,Legg Mason Global Asset Management Trust  (CIK 0001474103),"""ActiveShares""",https://www.sec.gov/Archives/edgar/data/1474103/000119312520206583/d216040d497k.htm
764624,0001193125-20-206526,497K,2020-07-31,LEGG MASON PARTNERS INCOME TRUST  (CIK 0000764624),"""ActiveShares""",https://www.sec.gov/Archives/edgar/data/764624/000119312520206526/d216040d497k.htm
764624,0001193125-20-206535,497K,2020-07-31,LEGG MASON PARTNERS INCOME TRUST  (CIK 0000764624),"""ActiveShares""",https://www.sec.gov/Archives/edgar/data/764624/000119312520206535/d216040d497k.htm
1645194,0001193125-20-206538,497K,2020-07-31,Legg Mason ETF Investment Trust  (CIK 0001645194),"""ActiveShares""",https://www.sec.gov/Archives/edgar/data/1645194/000119312520206538/d216040d497k.htm
1474103,0001193125-20-206543,497K,2020-07-31,Legg Mason Global Asset Management Trust  (CIK 0001474103),"""ActiveShares""",https://www.sec.gov/Archives/edgar/data/1474103/000119312520206543/d216040d497k.htm
880366,0001193125-20-206551,497K,2020-07-31,LEGG MASON PARTNERS EQUITY TRUST  (CIK 0000880366),"""ActiveShares""",https://www.sec.gov/Archives/edgar/data/880366/000119312520206551/d216040d497k.htm
747576,0001193125-20-206594,497K,2020-07-31,LEGG MASON PARTNERS MONEY MARKET TRUST  (CIK 0000747576),"""ActiveShares""",https://www.sec.gov/Archives/edgar/data/747576/000119312520206594/d216040d497k.htm
863520,0001193125-20-206602,497K,2020-07-31,WESTERN ASSET FUNDS INC  (CIK 0000863520),"""ActiveShares""",https://www.sec.gov/Archives/edgar/data/863520/000119312520206602/d216040d497k.htm
863520,0001193125-20-206603,497K,2020-07-31,WESTERN ASSET FUNDS INC  (CIK 0000863520),"""ActiveShares""",https://www.sec.gov/Archives/edgar/data/863520/000119312520206603/d216040d497k.htm
880366,0001193125-20-206589,497K,2020-07-31,LEGG MASON PARTNERS EQUITY TRUST  (CIK 0000880366),"""ActiveShares""",https://www.sec.gov/Archives/edgar/data/880366/000119312520206589/d216040d497k.htm
764624,0001193125-20-206518,497K,2020-07-31,LEGG MASON PARTNERS INCOME TRUST  (CIK 0000764624),"""ActiveShares""",https://www.sec.gov/Archives/edgar/data/764624/000119312520206518/d216040d497k.htm
747576,0001193125-20-206596,497K,2020-07-31,LEGG MASON PARTNERS MONEY MARKET TRUST  (CIK 0000747576),"""ActiveShares""",https://www.sec.gov/Archives/edgar/data/747576/000119312520206596/d216040d497k.htm
1474103,0001193125-20-206530,497K,2020-07-31,Legg Mason Global Asset Management Trust  (CIK 0001474103),"""ActiveShares""",https://www.sec.gov/Archives/edgar/data/1474103/000119312520206530/d216040d497k.htm
889512,0001193125-20-206606,497K,2020-07-31,LEGG MASON PARTNERS INSTITUTIONAL TRUST  (CIK 0000889512),"""ActiveShares""",https://www.sec.gov/Archives/edgar/data/889512/000119312520206606/d216040d497k.htm
1792795,0001193125-21-020992,497K,2021-01-29,ActiveShares ETF Trust  (CIK 0001792795),"""ActiveShares""",https://www.sec.gov/Archives/edgar/data/1792795/000119312521020992/d14414d497k.htm
863520,0001193125-20-206598,497K,2020-07-31,WESTERN ASSET FUNDS INC  (CIK 0000863520),"""ActiveShares""",https://www.sec.gov/Archives/edgar/data/863520/000119312520206598/d216040d497k.htm
880366,0001193125-20-206557,497K,2020-07-31,LEGG MASON PARTNERS EQUITY TRUST  (CIK 0000880366),"""ActiveShares""",https://www.sec.gov/Archives/edgar/data/880366/000119312520206557/d216040d497k.htm
880366,0001193125-20-206533,497K,2020-07-31,LEGG MASON PARTNERS EQUITY TRUST  (CIK 0000880366),"""ActiveShares""",https://www.sec.gov/Archives/edgar/data/880366/000119312520206533/d216040d497k.htm
764624,0001193125-20-206552,497K,2020-07-31,LEGG MASON PARTNERS INCOME TRUST  (CIK 0000764624),"""ActiveShares""",https://www.sec.gov/Archives/edgar/data/764624/000119312520206552/d216040d497k.htm
1474103,0001193125-20-206558,497K,2020-07-31,Legg Mason Global Asset Management Trust  (CIK 0001474103),"""ActiveShares""",https://www.sec.gov/Archives/edgar/data/1474103/000119312520206558/d216040d497k.htm
1474103,0001193125-20-206562,497K,2020-07-31,Legg Mason Global Asset Management Trust  (CIK 0001474103),"""ActiveShares""",https://www.sec.gov/Archives/edgar/data/1474103/000119312520206562/d216040d497k.htm
1886172,0001193125-22-091964,497K,2022-03-31,DoubleLine ETF Trust  (CIK 0001886172),"""ActiveShares""",https://www.sec.gov/Archives/edgar/data/1886172/000119312522091964/d263598d497k.htm
1886172,0001193125-23-018997,497K,2023-01-30,DoubleLine ETF Trust  (CIK 0001886172),"""ActiveShares""",https://www.sec.gov/Archives/edgar/data/1886172/000119312523018997/d406910d497k.htm
1886172,0001193125-22-276955,497K,2022-11-03,DoubleLine ETF Trust  (CIK 0001886172),"""ActiveShares""",https://www.sec.gov/Archives/edgar/data/1886172/000119312522276955/d410366d497k.htm
1807486,0001193125-20-222581,COVER,2020-08-18,Alger ETF Trust  (CIK 0001807486),"""ActiveShares""",https://www.sec.gov/Archives/edgar/data/1807486/000119312520222581/filename10.htm
1886172,0001193125-22-090087,497K,2022-03-31,DoubleLine ETF Trust  (CIK 0001886172),"""ActiveShares""",https://www.sec.gov/Archives/edgar/data/1886172/000119312522090087/d263598d497k.htm
2081107,0001999371-25-011906,EX-99.(P)(I),2025-08-22,Tidal Trust V  (CIK 0002081107),"""ActiveShares""",https://www.sec.gov/Archives/edgar/data/2081107/000199937125011906/ex99-pi.htm
1710607,0001710607-23-000205,497K,2023-08-22,AMERICAN CENTURY ETF TRUST  (CIK 0001710607),"""ActiveShares""",https://www.sec.gov/Archives/edgar/data/1710607/000171060723000205/acetft08232023fdg-flvprosp.htm
1886172,0001193125-22-158687,497K,2022-05-25,DoubleLine ETF Trust  (CIK 0001886172),"""ActiveShares""",https://www.sec.gov/Archives/edgar/data/1886172/000119312522158687/d321870d497k.htm
1710607,0001710607-23-000206,497K,2023-08-22,AMERICAN CENTURY ETF TRUST  (CIK 0001710607),"""ActiveShares""",https://www.sec.gov/Archives/edgar/data/1710607/000171060723000206/acetft08232023fdg-flvprosp.htm
1886172,0001193125-25-015494,497K,2025-01-29,DoubleLine ETF Trust  (CIK 0001886172),"""ActiveShares""",https://www.sec.gov/Archives/edgar/data/1886172/000119312525015494/d913510d497k.htm
1886172,0001193125-24-017829,497K,2024-01-29,DoubleLine ETF Trust  (CIK 0001886172),"""ActiveShares""",https://www.sec.gov/Archives/edgar/data/1886172/000119312524017829/d390794d497k.htm
1886172,0001193125-26-024361,497K,2026-01-27,DoubleLine ETF Trust  (CIK 0001886172),"""ActiveShares""",https://www.sec.gov/Archives/edgar/data/1886172/000119312526024361/d58177d497k.htm
1792795,0001193125-22-020002,497K,2022-01-28,ActiveShares ETF Trust  (CIK 0001792795),"""ActiveShares""",https://www.sec.gov/Archives/edgar/data/1792795/000119312522020002/d244022d497k.htm
1792795,0001193125-21-206533,497,2021-07-01,ActiveShares ETF Trust  (CIK 0001792795),"""ActiveShares""",https://www.sec.gov/Archives/edgar/data/1792795/000119312521206533/d177364d497.htm
1748425,0001387131-20-011758,EX-99.(D)(8),2020-12-28,Gabelli ETFs Trust  (CIK 0001748425),"""ActiveShares""",https://www.sec.gov/Archives/edgar/data/1748425/000138713120011758/ex-d8.htm
1792795,0001193125-20-072887,497,2020-03-13,ActiveShares ETF Trust  (CIK 0001792795),"""ActiveShares""",https://www.sec.gov/Archives/edgar/data/1792795/000119312520072887/d822612d497.htm
1792795,0001193125-20-102272,497,2020-04-09,ActiveShares ETF Trust  (CIK 0001792795),"""ActiveShares""",https://www.sec.gov/Archives/edgar/data/1792795/000119312520102272/d822612d497.htm
1792795,0001193125-20-109348,497,2020-04-16,ActiveShares ETF Trust  (CIK 0001792795),"""ActiveShares""",https://www.sec.gov/Archives/edgar/data/1792795/000119312520109348/d822612d497.htm
1644419,0001580642-23-005337,497,2023-10-03,Northern Lights Fund Trust IV  (CIK 0001644419),"""ActiveShares""",https://www.sec.gov/Archives/edgar/data/1644419/000158064223005337/fmc497.htm
1644419,0001580642-23-003401,497,2023-06-30,Northern Lights Fund Trust IV  (CIK 0001644419),"""ActiveShares""",https://www.sec.gov/Archives/edgar/data/1644419/000158064223003401/fmc_497.htm
1644419,0001580642-25-004018,497,2025-07-03,Northern Lights Fund Trust IV  (CIK 0001644419),"""ActiveShares""",https://www.sec.gov/Archives/edgar/data/1644419/000158064225004018/fm-etf_497.htm
1644419,0001580642-24-003400,497,2024-07-02,Northern Lights Fund Trust IV  (CIK 0001644419),"""ActiveShares""",https://www.sec.gov/Archives/edgar/data/1644419/000158064224003400/fmfocus-equityetf_497.htm
1644419,0001580642-26-004145,497,2026-07-02,Northern Lights Fund Trust IV  (CIK 0001644419),"""ActiveShares""",https://www.sec.gov/Archives/edgar/data/1644419/000158064226004145/fm-etf_497.htm
1644419,0001580642-24-006646,497,2024-11-04,Northern Lights Fund Trust IV  (CIK 0001644419),"""ActiveShares""",https://www.sec.gov/Archives/edgar/data/1644419/000158064224006646/fmcompounders_497.htm
1644419,0001580642-22-002214,497,2022-04-22,Northern Lights Fund Trust IV  (CIK 0001644419),"""ActiveShares""",https://www.sec.gov/Archives/edgar/data/1644419/000158064222002214/fmcexcelsior497.htm
1807486,0001193125-21-056219,497,2021-02-25,Alger ETF Trust  (CIK 0001807486),"""ActiveShares""",https://www.sec.gov/Archives/edgar/data/1807486/000119312521056219/d147736d497.htm
1807486,0001193125-23-062256,497,2023-03-07,Alger ETF Trust  (CIK 0001807486),"""ActiveShares""",https://www.sec.gov/Archives/edgar/data/1807486/000119312523062256/d454076d497.htm
1710607,0001710607-22-000167,497,2022-07-29,AMERICAN CENTURY ETF TRUST  (CIK 0001710607),"""ActiveShares""",https://www.sec.gov/Archives/edgar/data/1710607/000171060722000167/ck0001710607-20220729.htm
1710607,0001710607-20-000065,497,2020-02-11,AMERICAN CENTURY ETF TRUST  (CIK 0001710607),"""ActiveShares""",https://www.sec.gov/Archives/edgar/data/1710607/000171060720000065/acetft021120fdgflv497c.htm
1886172,0001193125-22-081726,N-1A/A,2022-03-22,DoubleLine ETF Trust  (CIK 0001886172),"""ActiveShares""",https://www.sec.gov/Archives/edgar/data/1886172/000119312522081726/d330457dn1aa.htm
1886172,0001193125-22-158684,497,2022-05-25,DoubleLine ETF Trust  (CIK 0001886172),"""ActiveShares""",https://www.sec.gov/Archives/edgar/data/1886172/000119312522158684/d321857d497.htm
1886172,0001193125-22-086761,N-1A/A,2022-03-28,DoubleLine ETF Trust  (CIK 0001886172),"""ActiveShares""",https://www.sec.gov/Archives/edgar/data/1886172/000119312522086761/d330457dn1aa.htm
1886172,0001193125-21-291129,N-1A,2021-10-04,DoubleLine ETF Trust  (CIK 0001886172),"""ActiveShares""",https://www.sec.gov/Archives/edgar/data/1886172/000119312521291129/d220868dn1a.htm
1886172,0001193125-26-039095,497,2026-02-05,DoubleLine ETF Trust  (CIK 0001886172),"""ActiveShares""",https://www.sec.gov/Archives/edgar/data/1886172/000119312526039095/d12645d497.htm
1748425,0001387131-21-002106,497,2021-02-11,Gabelli ETFs Trust  (CIK 0001748425),"""ActiveShares""",https://www.sec.gov/Archives/edgar/data/1748425/000138713121002106/gamco-497_021121.htm
1748425,0001193125-22-168444,497,2022-06-06,Gabelli ETFs Trust  (CIK 0001748425),"""ActiveShares""",https://www.sec.gov/Archives/edgar/data/1748425/000119312522168444/d275157d497.htm
1748425,0001387131-21-000984,497,2021-01-19,Gabelli ETFs Trust  (CIK 0001748425),"""ActiveShares""",https://www.sec.gov/Archives/edgar/data/1748425/000138713121000984/gamco-497_011921.htm
1748425,0001387131-21-012387,497,2021-12-30,Gabelli ETFs Trust  (CIK 0001748425),"""ActiveShares""",https://www.sec.gov/Archives/edgar/data/1748425/000138713121012387/gast-497_010322.htm
1748425,0001193125-23-071286,497,2023-03-15,Gabelli ETFs Trust  (CIK 0001748425),"""ActiveShares""",https://www.sec.gov/Archives/edgar/data/1748425/000119312523071286/d484129d497.htm
880366,0001193125-21-075962,N-14,2021-03-10,LEGG MASON PARTNERS EQUITY TRUST  (CIK 0000880366),"""ActiveShares""",https://www.sec.gov/Archives/edgar/data/880366/000119312521075962/d480798dn14.htm
880366,0001193125-21-113290,497,2021-04-12,LEGG MASON PARTNERS EQUITY TRUST  (CIK 0000880366),"""ActiveShares""",https://www.sec.gov/Archives/edgar/data/880366/000119312521113290/d480798d497.htm
880366,0001193125-21-112956,497,2021-04-12,LEGG MASON PARTNERS EQUITY TRUST  (CIK 0000880366),"""ActiveShares""",https://www.sec.gov/Archives/edgar/data/880366/000119312521112956/d480798d497.htm
1748425,0001387131-21-000582,N-1A/A,2021-01-13,Gabelli ETFs Trust  (CIK 0001748425),"""ActiveShares""",https://www.sec.gov/Archives/edgar/data/1748425/000138713121000582/gamco-n1aa_011321.htm
1886172,0001193125-23-032580,497,2023-02-10,DoubleLine ETF Trust  (CIK 0001886172),"""ActiveShares""",https://www.sec.gov/Archives/edgar/data/1886172/000119312523032580/d451700d497.htm
1886172,0001193125-23-274604,497,2023-11-09,DoubleLine ETF Trust  (CIK 0001886172),"""ActiveShares""",https://www.sec.gov/Archives/edgar/data/1886172/000119312523274604/d924326d497.htm
1485894,0001193125-26-121787,497K,2026-03-24,J.P. Morgan Exchange-Traded Fund Trust  (CIK 0001485894),"""proxy portfolio"" ""exchange-traded fund""",https://www.sec.gov/Archives/edgar/data/1485894/000119312526121787/d74075d497k.htm
1485894,0001193125-26-121777,497,2026-03-24,J.P. Morgan Exchange-Traded Fund Trust  (CIK 0001485894),"""proxy portfolio"" ""exchange-traded fund""",https://www.sec.gov/Archives/edgar/data/1485894/000119312526121777/d74075d497.htm
1795351,0001741773-21-001074,497K,2021-04-30,"T. Rowe Price Exchange-Traded Funds, Inc.  (CIK 0001795351)","""proxy portfolio"" ""exchange-traded fund""",https://www.sec.gov/Archives/edgar/data/1795351/000174177321001074/c497k.htm
1795351,0001741773-21-001072,497K,2021-04-30,"T. Rowe Price Exchange-Traded Funds, Inc.  (CIK 0001795351)","""proxy portfolio"" ""exchange-traded fund""",https://www.sec.gov/Archives/edgar/data/1795351/000174177321001072/c497k.htm
1795351,0001741773-20-001692,497K,2020-06-26,"T. Rowe Price Exchange-Traded Funds, Inc.  (CIK 0001795351)","""proxy portfolio"" ""exchange-traded fund""",https://www.sec.gov/Archives/edgar/data/1795351/000174177320001692/c497k.htm
1795351,0001741773-21-001073,497K,2021-04-30,"T. Rowe Price Exchange-Traded Funds, Inc.  (CIK 0001795351)","""proxy portfolio"" ""exchange-traded fund""",https://www.sec.gov/Archives/edgar/data/1795351/000174177321001073/c497k.htm
1795351,0001741773-21-001189,497K,2021-05-03,"T. Rowe Price Exchange-Traded Funds, Inc.  (CIK 0001795351)","""proxy portfolio"" ""exchange-traded fund""",https://www.sec.gov/Archives/edgar/data/1795351/000174177321001189/c497k.htm
1795351,0001741773-21-001061,497K,2021-04-30,"T. Rowe Price Exchange-Traded Funds, Inc.  (CIK 0001795351)","""proxy portfolio"" ""exchange-traded fund""",https://www.sec.gov/Archives/edgar/data/1795351/000174177321001061/c497k.htm
1795351,0001741773-22-001374,497K,2022-04-29,"T. Rowe Price Exchange-Traded Funds, Inc.  (CIK 0001795351)","""proxy portfolio"" ""exchange-traded fund""",https://www.sec.gov/Archives/edgar/data/1795351/000174177322001374/c497k.htm
1795351,0001741773-20-001695,497K,2020-06-26,"T. Rowe Price Exchange-Traded Funds, Inc.  (CIK 0001795351)","""proxy portfolio"" ""exchange-traded fund""",https://www.sec.gov/Archives/edgar/data/1795351/000174177320001695/c497k.htm
1795351,0001741773-24-001755,497K,2024-04-26,"T. Rowe Price Exchange-Traded Funds, Inc.  (CIK 0001795351)","""proxy portfolio"" ""exchange-traded fund""",https://www.sec.gov/Archives/edgar/data/1795351/000174177324001755/c497k.htm
1795351,0001741773-20-001693,497K,2020-06-26,"T. Rowe Price Exchange-Traded Funds, Inc.  (CIK 0001795351)","""proxy portfolio"" ""exchange-traded fund""",https://www.sec.gov/Archives/edgar/data/1795351/000174177320001693/c497k.htm
1795351,0001741773-24-002842,497K,2024-07-10,"T. Rowe Price Exchange-Traded Funds, Inc.  (CIK 0001795351)","""proxy portfolio"" ""exchange-traded fund""",https://www.sec.gov/Archives/edgar/data/1795351/000174177324002842/c497k.htm
1795351,0001741773-20-001694,497K,2020-06-26,"T. Rowe Price Exchange-Traded Funds, Inc.  (CIK 0001795351)","""proxy portfolio"" ""exchange-traded fund""",https://www.sec.gov/Archives/edgar/data/1795351/000174177320001694/c497k.htm
1795351,0001741773-23-001348,497K,2023-04-28,"T. Rowe Price Exchange-Traded Funds, Inc.  (CIK 0001795351)","""proxy portfolio"" ""exchange-traded fund""",https://www.sec.gov/Archives/edgar/data/1795351/000174177323001348/c497k.htm
1795351,0001741773-24-001822,497K,2024-04-26,"T. Rowe Price Exchange-Traded Funds, Inc.  (CIK 0001795351)","""proxy portfolio"" ""exchange-traded fund""",https://www.sec.gov/Archives/edgar/data/1795351/000174177324001822/c497k.htm
1795351,0001741773-24-001831,497K,2024-04-26,"T. Rowe Price Exchange-Traded Funds, Inc.  (CIK 0001795351)","""proxy portfolio"" ""exchange-traded fund""",https://www.sec.gov/Archives/edgar/data/1795351/000174177324001831/c497k.htm
1795351,0001741773-24-001795,497K,2024-04-26,"T. Rowe Price Exchange-Traded Funds, Inc.  (CIK 0001795351)","""proxy portfolio"" ""exchange-traded fund""",https://www.sec.gov/Archives/edgar/data/1795351/000174177324001795/c497k.htm
1795351,0001741773-23-001338,497K,2023-04-28,"T. Rowe Price Exchange-Traded Funds, Inc.  (CIK 0001795351)","""proxy portfolio"" ""exchange-traded fund""",https://www.sec.gov/Archives/edgar/data/1795351/000174177323001338/c497k.htm
1795351,0001741773-23-001387,497K,2023-04-28,"T. Rowe Price Exchange-Traded Funds, Inc.  (CIK 0001795351)","""proxy portfolio"" ""exchange-traded fund""",https://www.sec.gov/Archives/edgar/data/1795351/000174177323001387/c497k.htm
1795351,0001999371-26-004376,497K,2026-02-26,"T. Rowe Price Exchange-Traded Funds, Inc.  (CIK 0001795351)","""proxy portfolio"" ""exchange-traded fund""",https://www.sec.gov/Archives/edgar/data/1795351/000199937126004376/gsx-497k_030126.htm
1710607,0001710607-25-000382,497K,2025-12-31,AMERICAN CENTURY ETF TRUST  (CIK 0001710607),"""proxy portfolio"" ""exchange-traded fund""",https://www.sec.gov/Archives/edgar/data/1710607/000171060725000382/acetftfdg497k.htm
1795351,0001741773-24-001832,497K,2024-04-26,"T. Rowe Price Exchange-Traded Funds, Inc.  (CIK 0001795351)","""proxy portfolio"" ""exchange-traded fund""",https://www.sec.gov/Archives/edgar/data/1795351/000174177324001832/c497k.htm
1710607,0001710607-24-000313,497K,2024-12-31,AMERICAN CENTURY ETF TRUST  (CIK 0001710607),"""proxy portfolio"" ""exchange-traded fund""",https://www.sec.gov/Archives/edgar/data/1710607/000171060724000313/acetftfdg497k.htm
1795351,0001741773-23-001362,497K,2023-04-28,"T. Rowe Price Exchange-Traded Funds, Inc.  (CIK 0001795351)","""proxy portfolio"" ""exchange-traded fund""",https://www.sec.gov/Archives/edgar/data/1795351/000174177323001362/c497k.htm
1795351,0001741773-25-001740,497K,2025-04-30,"T. Rowe Price Exchange-Traded Funds, Inc.  (CIK 0001795351)","""proxy portfolio"" ""exchange-traded fund""",https://www.sec.gov/Archives/edgar/data/1795351/000174177325001740/c497k.htm
1710607,0001710607-24-000396,497K,2024-12-31,AMERICAN CENTURY ETF TRUST  (CIK 0001710607),"""proxy portfolio"" ""exchange-traded fund""",https://www.sec.gov/Archives/edgar/data/1710607/000171060724000396/acetftfdg497k.htm
1795351,0001741773-22-001407,497K,2022-04-29,"T. Rowe Price Exchange-Traded Funds, Inc.  (CIK 0001795351)","""proxy portfolio"" ""exchange-traded fund""",https://www.sec.gov/Archives/edgar/data/1795351/000174177322001407/c497k.htm
1710607,0001710607-23-000462,497K,2023-12-29,AMERICAN CENTURY ETF TRUST  (CIK 0001710607),"""proxy portfolio"" ""exchange-traded fund""",https://www.sec.gov/Archives/edgar/data/1710607/000171060723000462/acetftfdg497k.htm
1710607,0001710607-23-000260,497K,2023-10-20,AMERICAN CENTURY ETF TRUST  (CIK 0001710607),"""proxy portfolio"" ""exchange-traded fund""",https://www.sec.gov/Archives/edgar/data/1710607/000171060723000260/acetftflv497k.htm
1710607,0001710607-23-000258,497K,2023-10-20,AMERICAN CENTURY ETF TRUST  (CIK 0001710607),"""proxy portfolio"" ""exchange-traded fund""",https://www.sec.gov/Archives/edgar/data/1710607/000171060723000258/acetftfdg497k.htm
1795351,0001741773-23-001342,497K,2023-04-28,"T. Rowe Price Exchange-Traded Funds, Inc.  (CIK 0001795351)","""proxy portfolio"" ""exchange-traded fund""",https://www.sec.gov/Archives/edgar/data/1795351/000174177323001342/c497k.htm
1795351,0001999371-26-004377,497K,2026-02-26,"T. Rowe Price Exchange-Traded Funds, Inc.  (CIK 0001795351)","""proxy portfolio"" ""exchange-traded fund""",https://www.sec.gov/Archives/edgar/data/1795351/000199937126004377/eix-497k_030126.htm
1795351,0001741773-25-000715,497K,2025-02-26,"T. Rowe Price Exchange-Traded Funds, Inc.  (CIK 0001795351)","""proxy portfolio"" ""exchange-traded fund""",https://www.sec.gov/Archives/edgar/data/1795351/000174177325000715/c497k.htm
1795351,0001741773-22-001405,497K,2022-04-29,"T. Rowe Price Exchange-Traded Funds, Inc.  (CIK 0001795351)","""proxy portfolio"" ""exchange-traded fund""",https://www.sec.gov/Archives/edgar/data/1795351/000174177322001405/c497k.htm
1795351,0001741773-25-000703,497K,2025-02-26,"T. Rowe Price Exchange-Traded Funds, Inc.  (CIK 0001795351)","""proxy portfolio"" ""exchange-traded fund""",https://www.sec.gov/Archives/edgar/data/1795351/000174177325000703/c497k.htm
1795351,0001741773-25-000669,497K,2025-02-26,"T. Rowe Price Exchange-Traded Funds, Inc.  (CIK 0001795351)","""proxy portfolio"" ""exchange-traded fund""",https://www.sec.gov/Archives/edgar/data/1795351/000174177325000669/c497k.htm
1795351,0001741773-22-001422,497K,2022-04-29,"T. Rowe Price Exchange-Traded Funds, Inc.  (CIK 0001795351)","""proxy portfolio"" ""exchange-traded fund""",https://www.sec.gov/Archives/edgar/data/1795351/000174177322001422/c497k.htm
1485894,0001193125-23-062806,497K,2023-03-07,J.P. Morgan Exchange-Traded Fund Trust  (CIK 0001485894),"""proxy portfolio"" ""exchange-traded fund""",https://www.sec.gov/Archives/edgar/data/1485894/000119312523062806/d443574d497k.htm
1795351,0001999371-26-004378,497K,2026-02-26,"T. Rowe Price Exchange-Traded Funds, Inc.  (CIK 0001795351)","""proxy portfolio"" ""exchange-traded fund""",https://www.sec.gov/Archives/edgar/data/1795351/000199937126004378/srx-497k_030126.htm
1795351,0001741773-22-001394,497K,2022-04-29,"T. Rowe Price Exchange-Traded Funds, Inc.  (CIK 0001795351)","""proxy portfolio"" ""exchange-traded fund""",https://www.sec.gov/Archives/edgar/data/1795351/000174177322001394/c497k.htm
1795351,0001741773-25-000667,497K,2025-02-26,"T. Rowe Price Exchange-Traded Funds, Inc.  (CIK 0001795351)","""proxy portfolio"" ""exchange-traded fund""",https://www.sec.gov/Archives/edgar/data/1795351/000174177325000667/c497k.htm
1795351,0001741773-25-000681,497K,2025-02-26,"T. Rowe Price Exchange-Traded Funds, Inc.  (CIK 0001795351)","""proxy portfolio"" ""exchange-traded fund""",https://www.sec.gov/Archives/edgar/data/1795351/000174177325000681/c497k.htm
1896670,0001193125-25-123268,497,2025-05-21,Thrivent ETF Trust  (CIK 0001896670),"""proxy portfolio"" ""exchange-traded fund""",https://www.sec.gov/Archives/edgar/data/1896670/000119312525123268/d807109d497.htm
1795351,0001999371-26-004345,497K,2026-02-26,"T. Rowe Price Exchange-Traded Funds, Inc.  (CIK 0001795351)","""proxy portfolio"" ""exchange-traded fund""",https://www.sec.gov/Archives/edgar/data/1795351/000199937126004345/bcx-497k_030126.htm
1795351,0001999371-26-004349,497K,2026-02-26,"T. Rowe Price Exchange-Traded Funds, Inc.  (CIK 0001795351)","""proxy portfolio"" ""exchange-traded fund""",https://www.sec.gov/Archives/edgar/data/1795351/000199937126004349/dgx_497k-030126.htm
1896670,0001193125-25-123277,497K,2025-05-21,Thrivent ETF Trust  (CIK 0001896670),"""proxy portfolio"" ""exchange-traded fund""",https://www.sec.gov/Archives/edgar/data/1896670/000119312525123277/d807109d497k.htm
1426439,0001999371-24-007391,497,2024-06-13,IndexIQ Active ETF Trust  (CIK 0001426439),"""proxy portfolio"" ""exchange-traded fund""",https://www.sec.gov/Archives/edgar/data/1426439/000199937124007391/winslow_497-061024.htm
1710607,0001710607-25-000384,497K,2025-12-31,AMERICAN CENTURY ETF TRUST  (CIK 0001710607),"""proxy portfolio"" ""exchange-traded fund""",https://www.sec.gov/Archives/edgar/data/1710607/000171060725000384/acetftaclc497k.htm
1710607,0001710607-21-000325,497K,2021-12-30,AMERICAN CENTURY ETF TRUST  (CIK 0001710607),"""proxy portfolio"" ""exchange-traded fund""",https://www.sec.gov/Archives/edgar/data/1710607/000171060721000325/acetftesgy497k.htm
1710607,0001710607-21-000323,497K,2021-12-30,AMERICAN CENTURY ETF TRUST  (CIK 0001710607),"""proxy portfolio"" ""exchange-traded fund""",https://www.sec.gov/Archives/edgar/data/1710607/000171060721000323/acetftesga497k.htm
1710607,0001710607-20-000357,497K,2020-12-30,AMERICAN CENTURY ETF TRUST  (CIK 0001710607),"""proxy portfolio"" ""exchange-traded fund""",https://www.sec.gov/Archives/edgar/data/1710607/000171060720000357/acetftesga497k.htm
1710607,0001710607-21-000072,497K,2021-06-28,AMERICAN CENTURY ETF TRUST  (CIK 0001710607),"""proxy portfolio"" ""exchange-traded fund""",https://www.sec.gov/Archives/edgar/data/1710607/000171060721000072/acetftesgy497k.htm
1454889,0001104659-26-020708,497K,2026-02-27,SCHWAB STRATEGIC TRUST  (CIK 0001454889),"""proxy portfolio"" ""exchange-traded fund""",https://www.sec.gov/Archives/edgar/data/1454889/000110465926020708/tm266454-24_497k.htm
1454889,0001104659-25-070913,497K,2025-07-28,SCHWAB STRATEGIC TRUST  (CIK 0001454889),"""proxy portfolio"" ""exchange-traded fund""",https://www.sec.gov/Archives/edgar/data/1454889/000110465925070913/tm2515430-2_497k.htm
1710607,0001710607-24-000310,497K,2024-12-31,AMERICAN CENTURY ETF TRUST  (CIK 0001710607),"""proxy portfolio"" ""exchange-traded fund""",https://www.sec.gov/Archives/edgar/data/1710607/000171060724000310/acetftaclc497k.htm
1710607,0001710607-24-000314,497K,2024-12-31,AMERICAN CENTURY ETF TRUST  (CIK 0001710607),"""proxy portfolio"" ""exchange-traded fund""",https://www.sec.gov/Archives/edgar/data/1710607/000171060724000314/acetftflv497k.htm
1454889,0001104659-22-083260,497K,2022-07-28,SCHWAB STRATEGIC TRUST  (CIK 0001454889),"""proxy portfolio"" ""exchange-traded fund""",https://www.sec.gov/Archives/edgar/data/1454889/000110465922083260/tm2221228-2_497k.htm
1710607,0001710607-22-000373,497K,2022-12-30,AMERICAN CENTURY ETF TRUST  (CIK 0001710607),"""proxy portfolio"" ""exchange-traded fund""",https://www.sec.gov/Archives/edgar/data/1710607/000171060722000373/acetftesgy497k.htm
1710607,0001710607-24-000397,497K,2024-12-31,AMERICAN CENTURY ETF TRUST  (CIK 0001710607),"""proxy portfolio"" ""exchange-traded fund""",https://www.sec.gov/Archives/edgar/data/1710607/000171060724000397/acetftflv497k.htm
1710607,0001710607-20-000166,497K,2020-07-10,AMERICAN CENTURY ETF TRUST  (CIK 0001710607),"""proxy portfolio"" ""exchange-traded fund""",https://www.sec.gov/Archives/edgar/data/1710607/000171060720000166/acetft071020esga497k.htm
1710607,0001710607-25-000385,497K,2025-12-31,AMERICAN CENTURY ETF TRUST  (CIK 0001710607),"""proxy portfolio"" ""exchange-traded fund""",https://www.sec.gov/Archives/edgar/data/1710607/000171060725000385/acetftacgr497k.htm
1710607,0001710607-22-000372,497K,2022-12-30,AMERICAN CENTURY ETF TRUST  (CIK 0001710607),"""proxy portfolio"" ""exchange-traded fund""",https://www.sec.gov/Archives/edgar/data/1710607/000171060722000372/acetftesga497k.htm
1710607,0001710607-24-000398,497K,2024-12-31,AMERICAN CENTURY ETF TRUST  (CIK 0001710607),"""proxy portfolio"" ""exchange-traded fund""",https://www.sec.gov/Archives/edgar/data/1710607/000171060724000398/acetftaclc497k.htm
1710607,0001710607-25-000383,497K,2025-12-31,AMERICAN CENTURY ETF TRUST  (CIK 0001710607),"""proxy portfolio"" ""exchange-traded fund""",https://www.sec.gov/Archives/edgar/data/1710607/000171060725000383/acetftflv497k.htm
1710607,0001710607-23-000465,497K,2023-12-29,AMERICAN CENTURY ETF TRUST  (CIK 0001710607),"""proxy portfolio"" ""exchange-traded fund""",https://www.sec.gov/Archives/edgar/data/1710607/000171060723000465/acetftesga497k.htm
1710607,0001710607-23-000466,497K,2023-12-29,AMERICAN CENTURY ETF TRUST  (CIK 0001710607),"""proxy portfolio"" ""exchange-traded fund""",https://www.sec.gov/Archives/edgar/data/1710607/000171060723000466/acetftesgy497k.htm
1454889,0001104659-21-141330,497K,2021-11-19,SCHWAB STRATEGIC TRUST  (CIK 0001454889),"""proxy portfolio"" ""exchange-traded fund""",https://www.sec.gov/Archives/edgar/data/1454889/000110465921141330/tm2132839-22_497k.htm
1454889,0001104659-21-132782,497K,2021-11-02,SCHWAB STRATEGIC TRUST  (CIK 0001454889),"""proxy portfolio"" ""exchange-traded fund""",https://www.sec.gov/Archives/edgar/data/1454889/000110465921132782/tm2125003-7_497k.htm
1454889,0001104659-22-103387,497K,2022-09-28,SCHWAB STRATEGIC TRUST  (CIK 0001454889),"""proxy portfolio"" ""exchange-traded fund""",https://www.sec.gov/Archives/edgar/data/1454889/000110465922103387/tm2225912-11_497k.htm
1710607,0001710607-23-000463,497K,2023-12-29,AMERICAN CENTURY ETF TRUST  (CIK 0001710607),"""proxy portfolio"" ""exchange-traded fund""",https://www.sec.gov/Archives/edgar/data/1710607/000171060723000463/acetftflv497k.htm
1710607,0001710607-21-000321,497K,2021-12-30,AMERICAN CENTURY ETF TRUST  (CIK 0001710607),"""proxy portfolio"" ""exchange-traded fund""",https://www.sec.gov/Archives/edgar/data/1710607/000171060721000321/acetftmid497k.htm
1710607,0001710607-23-000464,497K,2023-12-29,AMERICAN CENTURY ETF TRUST  (CIK 0001710607),"""proxy portfolio"" ""exchange-traded fund""",https://www.sec.gov/Archives/edgar/data/1710607/000171060723000464/acetftmid497k.htm
1710607,0001710607-24-000309,497K,2024-12-31,AMERICAN CENTURY ETF TRUST  (CIK 0001710607),"""proxy portfolio"" ""exchange-traded fund""",https://www.sec.gov/Archives/edgar/data/1710607/000171060724000309/acetftacgr497k.htm
1710607,0001710607-20-000164,497K,2020-07-10,AMERICAN CENTURY ETF TRUST  (CIK 0001710607),"""proxy portfolio"" ""exchange-traded fund""",https://www.sec.gov/Archives/edgar/data/1710607/000171060720000164/acetft071020mid497k.htm
1454889,0001104659-24-082741,497K,2024-07-26,SCHWAB STRATEGIC TRUST  (CIK 0001454889),"""proxy portfolio"" ""exchange-traded fund""",https://www.sec.gov/Archives/edgar/data/1454889/000110465924082741/tm2414510-2_497k.htm
1454889,0001104659-23-102369,497K,2023-09-21,SCHWAB STRATEGIC TRUST  (CIK 0001454889),"""proxy portfolio"" ""exchange-traded fund""",https://www.sec.gov/Archives/edgar/data/1454889/000110465923102369/tm2325628-11_497k.htm
1710607,0001710607-24-000399,497K,2024-12-31,AMERICAN CENTURY ETF TRUST  (CIK 0001710607),"""proxy portfolio"" ""exchange-traded fund""",https://www.sec.gov/Archives/edgar/data/1710607/000171060724000399/acetftacgr497k.htm
1454889,0001104659-24-105999,497K,2024-10-04,SCHWAB STRATEGIC TRUST  (CIK 0001454889),"""proxy portfolio"" ""exchange-traded fund""",https://www.sec.gov/Archives/edgar/data/1454889/000110465924105999/tm2425502-15_497k.htm
1454889,0001104659-23-084870,497K,2023-07-28,SCHWAB STRATEGIC TRUST  (CIK 0001454889),"""proxy portfolio"" ""exchange-traded fund""",https://www.sec.gov/Archives/edgar/data/1454889/000110465923084870/tm2321067-6_497k.htm
1710607,0001710607-20-000367,497K,2020-12-30,AMERICAN CENTURY ETF TRUST  (CIK 0001710607),"""proxy portfolio"" ""exchange-traded fund""",https://www.sec.gov/Archives/edgar/data/1710607/000171060720000367/acetftmid497k.htm
1728860,0001193125-21-204533,497K,2021-06-30,Natixis ETF Trust II  (CIK 0001728860),"""proxy portfolio"" ""exchange-traded fund""",https://www.sec.gov/Archives/edgar/data/1728860/000119312521204533/d185362d497k.htm
1635073,0001193125-22-058055,497K,2022-02-28,Nushares ETF Trust  (CIK 0001635073),"""proxy portfolio"" ""exchange-traded fund""",https://www.sec.gov/Archives/edgar/data/1635073/000119312522058055/d58026d497k.htm
1710607,0001710607-24-000318,497K,2024-12-31,AMERICAN CENTURY ETF TRUST  (CIK 0001710607),"""proxy portfolio"" ""exchange-traded fund""",https://www.sec.gov/Archives/edgar/data/1710607/000171060724000318/acetftmid497k.htm
1728860,0001193125-21-144210,497K,2021-04-30,Natixis ETF Trust II  (CIK 0001728860),"""proxy portfolio"" ""exchange-traded fund""",https://www.sec.gov/Archives/edgar/data/1728860/000119312521144210/d122292d497k.htm
1728860,0001193125-23-177405,497K,2023-06-28,Natixis ETF Trust II  (CIK 0001728860),"""proxy portfolio"" ""exchange-traded fund""",https://www.sec.gov/Archives/edgar/data/1728860/000119312523177405/d494693d497k.htm
1710607,0001710607-25-000386,497K,2025-12-31,AMERICAN CENTURY ETF TRUST  (CIK 0001710607),"""proxy portfolio"" ""exchange-traded fund""",https://www.sec.gov/Archives/edgar/data/1710607/000171060725000386/acetftmid497k.htm
1896670,0001193125-25-017377,497K,2025-01-31,Thrivent ETF Trust  (CIK 0001896670),"""proxy portfolio"" ""exchange-traded fund""",https://www.sec.gov/Archives/edgar/data/1896670/000119312525017377/d850240d497k.htm
1710607,0001710607-24-000400,497K,2024-12-31,AMERICAN CENTURY ETF TRUST  (CIK 0001710607),"""proxy portfolio"" ""exchange-traded fund""",https://www.sec.gov/Archives/edgar/data/1710607/000171060724000400/acetftmid497k.htm
1710607,0001710607-22-000371,497K,2022-12-30,AMERICAN CENTURY ETF TRUST  (CIK 0001710607),"""proxy portfolio"" ""exchange-traded fund""",https://www.sec.gov/Archives/edgar/data/1710607/000171060722000371/acetftmid497k.htm
1728860,0001193125-23-164097,497K,2023-06-09,Natixis ETF Trust II  (CIK 0001728860),"""proxy portfolio"" ""exchange-traded fund""",https://www.sec.gov/Archives/edgar/data/1728860/000119312523164097/d517447d497k.htm
1635073,0001193125-23-053403,497K,2023-02-28,Nushares ETF Trust  (CIK 0001635073),"""proxy portfolio"" ""exchange-traded fund""",https://www.sec.gov/Archives/edgar/data/1635073/000119312523053403/d447806d497k.htm
1635073,0001193125-22-058044,497K,2022-02-28,Nushares ETF Trust  (CIK 0001635073),"""proxy portfolio"" ""exchange-traded fund""",https://www.sec.gov/Archives/edgar/data/1635073/000119312522058044/d290277d497k.htm
1728860,0001193125-23-182023,497K,2023-07-05,Natixis ETF Trust II  (CIK 0001728860),"""proxy portfolio"" ""exchange-traded fund""",https://www.sec.gov/Archives/edgar/data/1728860/000119312523182023/d530252d497k.htm
1635073,0001193125-21-237181,497K,2021-08-05,Nushares ETF Trust  (CIK 0001635073),"""proxy portfolio"" ""exchange-traded fund""",https://www.sec.gov/Archives/edgar/data/1635073/000119312521237181/d182929d497k.htm
1728860,0001193125-20-247070,497K,2020-09-16,Natixis ETF Trust II  (CIK 0001728860),"""proxy portfolio"" ""exchange-traded fund""",https://www.sec.gov/Archives/edgar/data/1728860/000119312520247070/d913874d497k.htm
1635073,0001193125-22-058049,497K,2022-02-28,Nushares ETF Trust  (CIK 0001635073),"""proxy portfolio"" ""exchange-traded fund""",https://www.sec.gov/Archives/edgar/data/1635073/000119312522058049/d200613d497k.htm
1728860,0001193125-21-204507,497K,2021-06-30,Natixis ETF Trust II  (CIK 0001728860),"""proxy portfolio"" ""exchange-traded fund""",https://www.sec.gov/Archives/edgar/data/1728860/000119312521204507/d176875d497k.htm
1896670,0001193125-23-085827,497K,2023-03-31,Thrivent ETF Trust  (CIK 0001896670),"""proxy portfolio"" ""exchange-traded fund""",https://www.sec.gov/Archives/edgar/data/1896670/000119312523085827/d480266d497k.htm
1635073,0001193125-25-042813,497K,2025-02-28,Nushares ETF Trust  (CIK 0001635073),"""proxy portfolio"" ""exchange-traded fund""",https://www.sec.gov/Archives/edgar/data/1635073/000119312525042813/d928075d497k.htm
1896670,0001193125-23-286449,497K,2023-12-01,Thrivent ETF Trust  (CIK 0001896670),"""proxy portfolio"" ""exchange-traded fund""",https://www.sec.gov/Archives/edgar/data/1896670/000119312523286449/d487500d497k.htm
1728860,0001193125-23-126588,497K,2023-04-28,Natixis ETF Trust II  (CIK 0001728860),"""proxy portfolio"" ""exchange-traded fund""",https://www.sec.gov/Archives/edgar/data/1728860/000119312523126588/d490056d497k.htm
1728860,0001133228-24-004957,497K,2024-04-30,Natixis ETF Trust II  (CIK 0001728860),"""proxy portfolio"" ""exchange-traded fund""",https://www.sec.gov/Archives/edgar/data/1728860/000113322824004957/lsfge-html7873_497k.htm
1896670,0001193125-22-256576,497K,2022-10-03,Thrivent ETF Trust  (CIK 0001896670),"""proxy portfolio"" ""exchange-traded fund""",https://www.sec.gov/Archives/edgar/data/1896670/000119312522256576/d400655d497k.htm
1635073,0001193125-21-237179,497K,2021-08-05,Nushares ETF Trust  (CIK 0001635073),"""proxy portfolio"" ""exchange-traded fund""",https://www.sec.gov/Archives/edgar/data/1635073/000119312521237179/d148634d497k.htm
1728860,0001193125-20-247068,497K,2020-09-16,Natixis ETF Trust II  (CIK 0001728860),"""proxy portfolio"" ""exchange-traded fund""",https://www.sec.gov/Archives/edgar/data/1728860/000119312520247068/d921051d497k.htm
1728860,0001193125-22-134095,497K,2022-04-29,Natixis ETF Trust II  (CIK 0001728860),"""proxy portfolio"" ""exchange-traded fund""",https://www.sec.gov/Archives/edgar/data/1728860/000119312522134095/d289792d497k.htm
1635073,0001193125-24-053609,497K,2024-02-29,Nushares ETF Trust  (CIK 0001635073),"""proxy portfolio"" ""exchange-traded fund""",https://www.sec.gov/Archives/edgar/data/1635073/000119312524053609/d497382d497k.htm
1635073,0001193125-23-053407,497K,2023-02-28,Nushares ETF Trust  (CIK 0001635073),"""proxy portfolio"" ""exchange-traded fund""",https://www.sec.gov/Archives/edgar/data/1635073/000119312523053407/d450824d497k.htm
1635073,0001193125-25-042811,497K,2025-02-28,Nushares ETF Trust  (CIK 0001635073),"""proxy portfolio"" ""exchange-traded fund""",https://www.sec.gov/Archives/edgar/data/1635073/000119312525042811/d795514d497k.htm
1635073,0001193125-21-282429,497K,2021-09-24,Nushares ETF Trust  (CIK 0001635073),"""proxy portfolio"" ""exchange-traded fund""",https://www.sec.gov/Archives/edgar/data/1635073/000119312521282429/d199844d497k.htm
1728860,0001193125-22-134107,497K,2022-04-29,Natixis ETF Trust II  (CIK 0001728860),"""proxy portfolio"" ""exchange-traded fund""",https://www.sec.gov/Archives/edgar/data/1728860/000119312522134107/d289863d497k.htm
1728860,0001193125-23-126594,497K,2023-04-28,Natixis ETF Trust II  (CIK 0001728860),"""proxy portfolio"" ""exchange-traded fund""",https://www.sec.gov/Archives/edgar/data/1728860/000119312523126594/d491495d497k.htm
1728860,0001193125-21-144216,497K,2021-04-30,Natixis ETF Trust II  (CIK 0001728860),"""proxy portfolio"" ""exchange-traded fund""",https://www.sec.gov/Archives/edgar/data/1728860/000119312521144216/d122983d497k.htm
1635073,0001193125-24-053610,497K,2024-02-29,Nushares ETF Trust  (CIK 0001635073),"""proxy portfolio"" ""exchange-traded fund""",https://www.sec.gov/Archives/edgar/data/1635073/000119312524053610/d609714d497k.htm
1728860,0001193125-21-144203,497K,2021-04-30,Natixis ETF Trust II  (CIK 0001728860),"""proxy portfolio"" ""exchange-traded fund""",https://www.sec.gov/Archives/edgar/data/1728860/000119312521144203/d139500d497k.htm
1635073,0001193125-23-075345,497K,2023-03-21,Nushares ETF Trust  (CIK 0001635073),"""proxy portfolio"" ""exchange-traded fund""",https://www.sec.gov/Archives/edgar/data/1635073/000119312523075345/d470355d497k.htm
1426439,0001104659-23-097074,497K,2023-08-31,IndexIQ Active ETF Trust  (CIK 0001426439),"""proxy portfolio"" ""exchange-traded fund""",https://www.sec.gov/Archives/edgar/data/1426439/000110465923097074/tm2319108-11_497k.htm
1710607,0001710607-20-000156,497,2020-06-23,AMERICAN CENTURY ETF TRUST  (CIK 0001710607),"""proxy portfolio"" ""exchange-traded fund""",https://www.sec.gov/Archives/edgar/data/1710607/000171060720000156/acetft062420esgasupp.htm
1635073,0001193125-26-080187,497K,2026-02-27,Nushares ETF Trust  (CIK 0001635073),"""proxy portfolio"" ""exchange-traded fund""",https://www.sec.gov/Archives/edgar/data/1635073/000119312526080187/d47179d497k.htm
1728860,0001193125-22-207892,497K,2022-08-01,Natixis ETF Trust II  (CIK 0001728860),"""proxy portfolio"" ""exchange-traded fund""",https://www.sec.gov/Archives/edgar/data/1728860/000119312522207892/d609920d497k.htm
1795351,0001741773-24-002841,497,2024-07-10,"T. Rowe Price Exchange-Traded Funds, Inc.  (CIK 0001795351)","""proxy portfolio"" ""exchange-traded fund""",https://www.sec.gov/Archives/edgar/data/1795351/000174177324002841/c497.htm
1728860,0001193125-22-186324,497K,2022-06-30,Natixis ETF Trust II  (CIK 0001728860),"""proxy portfolio"" ""exchange-traded fund""",https://www.sec.gov/Archives/edgar/data/1728860/000119312522186324/d623688d497k.htm
1635073,0001193125-24-053606,497K,2024-02-29,Nushares ETF Trust  (CIK 0001635073),"""proxy portfolio"" ""exchange-traded fund""",https://www.sec.gov/Archives/edgar/data/1635073/000119312524053606/d614447d497k.htm
1635073,0001193125-23-053410,497K,2023-02-28,Nushares ETF Trust  (CIK 0001635073),"""proxy portfolio"" ""exchange-traded fund""",https://www.sec.gov/Archives/edgar/data/1635073/000119312523053410/d401350d497k.htm
1635073,0001193125-23-053406,497K,2023-02-28,Nushares ETF Trust  (CIK 0001635073),"""proxy portfolio"" ""exchange-traded fund""",https://www.sec.gov/Archives/edgar/data/1635073/000119312523053406/d450999d497k.htm
1728860,0001193125-22-134120,497K,2022-04-29,Natixis ETF Trust II  (CIK 0001728860),"""proxy portfolio"" ""exchange-traded fund""",https://www.sec.gov/Archives/edgar/data/1728860/000119312522134120/d289772d497k.htm
1635073,0001193125-21-237180,497K,2021-08-05,Nushares ETF Trust  (CIK 0001635073),"""proxy portfolio"" ""exchange-traded fund""",https://www.sec.gov/Archives/edgar/data/1635073/000119312521237180/d145805d497k.htm
1635073,0001193125-22-058051,497K,2022-02-28,Nushares ETF Trust  (CIK 0001635073),"""proxy portfolio"" ""exchange-traded fund""",https://www.sec.gov/Archives/edgar/data/1635073/000119312522058051/d173334d497k.htm
1728860,0001193125-20-247074,497K,2020-09-16,Natixis ETF Trust II  (CIK 0001728860),"""proxy portfolio"" ""exchange-traded fund""",https://www.sec.gov/Archives/edgar/data/1728860/000119312520247074/d913383d497k.htm
1426439,0001104659-22-056864,497K,2022-05-06,IndexIQ Active ETF Trust  (CIK 0001426439),"""proxy portfolio"" ""exchange-traded fund""",https://www.sec.gov/Archives/edgar/data/1426439/000110465922056864/tm2211625-5_497k.htm
1426439,0001104659-22-056866,497K,2022-05-06,IndexIQ Active ETF Trust  (CIK 0001426439),"""proxy portfolio"" ""exchange-traded fund""",https://www.sec.gov/Archives/edgar/data/1426439/000110465922056866/tm2211625-6_497k.htm
1728860,0001193125-23-126583,497K,2023-04-28,Natixis ETF Trust II  (CIK 0001728860),"""proxy portfolio"" ""exchange-traded fund""",https://www.sec.gov/Archives/edgar/data/1728860/000119312523126583/d491758d497k.htm
1635073,0001193125-26-080177,497K,2026-02-27,Nushares ETF Trust  (CIK 0001635073),"""proxy portfolio"" ""exchange-traded fund""",https://www.sec.gov/Archives/edgar/data/1635073/000119312526080177/d187854d497k.htm
1795351,0001741773-25-001738,497,2025-04-30,"T. Rowe Price Exchange-Traded Funds, Inc.  (CIK 0001795351)","""proxy portfolio"" ""exchange-traded fund""",https://www.sec.gov/Archives/edgar/data/1795351/000174177325001738/c497.htm
1426439,0001104659-22-072235,497K,2022-06-17,IndexIQ Active ETF Trust  (CIK 0001426439),"""proxy portfolio"" ""exchange-traded fund""",https://www.sec.gov/Archives/edgar/data/1426439/000110465922072235/tm2217589-1_497k.htm
1635073,0001193125-25-042809,497K,2025-02-28,Nushares ETF Trust  (CIK 0001635073),"""proxy portfolio"" ""exchange-traded fund""",https://www.sec.gov/Archives/edgar/data/1635073/000119312525042809/d875877d497k.htm
1426439,0001104659-23-097076,497K,2023-08-31,IndexIQ Active ETF Trust  (CIK 0001426439),"""proxy portfolio"" ""exchange-traded fund""",https://www.sec.gov/Archives/edgar/data/1426439/000110465923097076/tm2319108-12_497k.htm
1426439,0001104659-22-072237,497K,2022-06-17,IndexIQ Active ETF Trust  (CIK 0001426439),"""proxy portfolio"" ""exchange-traded fund""",https://www.sec.gov/Archives/edgar/data/1426439/000110465922072237/tm2217589-2_497k.htm
1710607,0001710607-23-000257,497,2023-10-20,AMERICAN CENTURY ETF TRUST  (CIK 0001710607),"""proxy portfolio"" ""exchange-traded fund""",https://www.sec.gov/Archives/edgar/data/1710607/000171060723000257/ck0001710607-20220831.htm
1881221,0000919574-21-005719,N-1A,2021-09-03,"RCG ETFs, Inc.  (CIK 0001881221)","""proxy portfolio"" ""exchange-traded fund""",https://www.sec.gov/Archives/edgar/data/1881221/000091957421005719/d8933976_n-1a.htm
1795351,0001795351-20-000021,N-1A/A,2020-06-15,"T. Rowe Price Exchange-Traded Funds, Inc.  (CIK 0001795351)","""proxy portfolio"" ""exchange-traded fund""",https://www.sec.gov/Archives/edgar/data/1795351/000179535120000021/etfn1aa.htm
1728860,0001193125-20-247059,497,2020-09-16,Natixis ETF Trust II  (CIK 0001728860),"""proxy portfolio"" ""exchange-traded fund""",https://www.sec.gov/Archives/edgar/data/1728860/000119312520247059/d941171d497.htm
1728860,0001683863-20-005200,N-1A/A,2020-04-24,Natixis ETF Trust II  (CIK 0001728860),"""proxy portfolio"" ""exchange-traded fund""",https://www.sec.gov/Archives/edgar/data/1728860/000168386320005200/f4125d1.htm
1728860,0001193125-20-239061,N-1A/A,2020-09-03,Natixis ETF Trust II  (CIK 0001728860),"""proxy portfolio"" ""exchange-traded fund""",https://www.sec.gov/Archives/edgar/data/1728860/000119312520239061/d84374dn1aa.htm
1795351,0001741773-21-001188,497,2021-05-03,"T. Rowe Price Exchange-Traded Funds, Inc.  (CIK 0001795351)","""proxy portfolio"" ""exchange-traded fund""",https://www.sec.gov/Archives/edgar/data/1795351/000174177321001188/c497.htm
1728860,0001193125-19-312621,N-1A,2019-12-12,Natixis ETF Trust II  (CIK 0001728860),"""proxy portfolio"" ""exchange-traded fund""",https://www.sec.gov/Archives/edgar/data/1728860/000119312519312621/d845239dn1a.htm
1635073,0001193125-22-065520,497,2022-03-04,Nushares ETF Trust  (CIK 0001635073),"""proxy portfolio"" ""exchange-traded fund""",https://www.sec.gov/Archives/edgar/data/1635073/000119312522065520/d261477d497.htm
1728860,0001193125-23-177399,497,2023-06-28,Natixis ETF Trust II  (CIK 0001728860),"""proxy portfolio"" ""exchange-traded fund""",https://www.sec.gov/Archives/edgar/data/1728860/000119312523177399/d709405d497.htm
1896670,0001193125-21-345622,N-1A,2021-12-02,Thrivent ETF Trust  (CIK 0001896670),"""proxy portfolio"" ""exchange-traded fund""",https://www.sec.gov/Archives/edgar/data/1896670/000119312521345622/d270792dn1a.htm
1896670,0001193125-22-130431,N-1A/A,2022-04-29,Thrivent ETF Trust  (CIK 0001896670),"""proxy portfolio"" ""exchange-traded fund""",https://www.sec.gov/Archives/edgar/data/1896670/000119312522130431/d706092dn1aa.htm
1896670,0001193125-22-046044,N-1A/A,2022-02-18,Thrivent ETF Trust  (CIK 0001896670),"""proxy portfolio"" ""exchange-traded fund""",https://www.sec.gov/Archives/edgar/data/1896670/000119312522046044/d315042dn1aa.htm
1635073,0001193125-21-286445,497,2021-09-29,Nushares ETF Trust  (CIK 0001635073),"""proxy portfolio"" ""exchange-traded fund""",https://www.sec.gov/Archives/edgar/data/1635073/000119312521286445/d176091d497.htm
1896670,0001193125-22-212497,N-1A/A,2022-08-04,Thrivent ETF Trust  (CIK 0001896670),"""proxy portfolio"" ""exchange-traded fund""",https://www.sec.gov/Archives/edgar/data/1896670/000119312522212497/d687571dn1aa.htm
1896670,0001193125-22-256574,497,2022-10-03,Thrivent ETF Trust  (CIK 0001896670),"""proxy portfolio"" ""exchange-traded fund""",https://www.sec.gov/Archives/edgar/data/1896670/000119312522256574/d400655d497.htm
1896670,0001193125-22-242985,N-1A/A,2022-09-12,Thrivent ETF Trust  (CIK 0001896670),"""proxy portfolio"" ""exchange-traded fund""",https://www.sec.gov/Archives/edgar/data/1896670/000119312522242985/d287826dn1aa.htm
1795351,0001741773-22-001689,497,2022-05-02,"T. Rowe Price Exchange-Traded Funds, Inc.  (CIK 0001795351)","""proxy portfolio"" ""exchange-traded fund""",https://www.sec.gov/Archives/edgar/data/1795351/000174177322001689/c497.htm
1795351,0001741773-22-003737,497,2022-11-22,"T. Rowe Price Exchange-Traded Funds, Inc.  (CIK 0001795351)","""proxy portfolio"" ""exchange-traded fund""",https://www.sec.gov/Archives/edgar/data/1795351/000174177322003737/c497.htm
1795351,0001741773-22-000020,497,2022-01-03,"T. Rowe Price Exchange-Traded Funds, Inc.  (CIK 0001795351)","""proxy portfolio"" ""exchange-traded fund""",https://www.sec.gov/Archives/edgar/data/1795351/000174177322000020/c497.htm
1710607,0001710607-21-000066,497,2021-06-28,AMERICAN CENTURY ETF TRUST  (CIK 0001710607),"""proxy portfolio"" ""exchange-traded fund""",https://www.sec.gov/Archives/edgar/data/1710607/000171060721000066/acetft6292021midesgasai497.htm
1795351,0001741773-24-002843,497,2024-07-10,"T. Rowe Price Exchange-Traded Funds, Inc.  (CIK 0001795351)","""proxy portfolio"" ""exchange-traded fund""",https://www.sec.gov/Archives/edgar/data/1795351/000174177324002843/c497.htm
1795351,0001741773-24-003883,497,2024-09-06,"T. Rowe Price Exchange-Traded Funds, Inc.  (CIK 0001795351)","""proxy portfolio"" ""exchange-traded fund""",https://www.sec.gov/Archives/edgar/data/1795351/000174177324003883/c497.htm
1485894,0001193125-23-062801,497,2023-03-07,J.P. Morgan Exchange-Traded Fund Trust  (CIK 0001485894),"""proxy portfolio"" ""exchange-traded fund""",https://www.sec.gov/Archives/edgar/data/1485894/000119312523062801/d445080d497.htm
831114,0001398344-24-000193,497,2024-01-05,"RBB FUND, INC.  (CIK 0000831114)","""proxy portfolio"" ""exchange-traded fund""",https://www.sec.gov/Archives/edgar/data/831114/000139834424000193/fp0086400-1_497.htm
831114,0001398344-25-000254,497,2025-01-06,"RBB FUND, INC.  (CIK 0000831114)","""proxy portfolio"" ""exchange-traded fund""",https://www.sec.gov/Archives/edgar/data/831114/000139834425000254/fp0091381-64_497.htm
831114,0001398344-26-000155,497,2026-01-05,"RBB FUND, INC.  (CIK 0000831114)","""proxy portfolio"" ""exchange-traded fund""",https://www.sec.gov/Archives/edgar/data/831114/000139834426000155/fp0096606-86_497ixbrl.htm
1896670,0001193125-25-028027,497,2025-02-18,Thrivent ETF Trust  (CIK 0001896670),"""proxy portfolio"" ""exchange-traded fund""",https://www.sec.gov/Archives/edgar/data/1896670/000119312525028027/d808187d497.htm
1506001,0000898432-24-000589,497,2024-07-22,Neuberger Berman ETF Trust  (CIK 0001506001),"""proxy portfolio"" ""exchange-traded fund""",https://www.sec.gov/Archives/edgar/data/1506001/000089843224000589/nbetf-20230831.htm
1506001,0000898432-24-000618,497,2024-07-23,Neuberger Berman ETF Trust  (CIK 0001506001),"""proxy portfolio"" ""exchange-traded fund""",https://www.sec.gov/Archives/edgar/data/1506001/000089843224000618/nbetf3-smcap_sai.htm
1506001,0000898432-24-000617,497,2024-07-23,Neuberger Berman ETF Trust  (CIK 0001506001),"""proxy portfolio"" ""exchange-traded fund""",https://www.sec.gov/Archives/edgar/data/1506001/000089843224000617/nbetf3_fci-sai.htm
1506001,0000898432-24-000616,497,2024-07-23,Neuberger Berman ETF Trust  (CIK 0001506001),"""proxy portfolio"" ""exchange-traded fund""",https://www.sec.gov/Archives/edgar/data/1506001/000089843224000616/nbetf2_osetf-sai.htm
1506001,0000898432-24-000776,497,2024-09-11,Neuberger Berman ETF Trust  (CIK 0001506001),"""proxy portfolio"" ""exchange-traded fund""",https://www.sec.gov/Archives/edgar/data/1506001/000089843224000776/497.htm
1506001,0000898432-24-000633,497,2024-07-25,Neuberger Berman ETF Trust  (CIK 0001506001),"""proxy portfolio"" ""exchange-traded fund""",https://www.sec.gov/Archives/edgar/data/1506001/000089843224000633/nbetf3_fci-sai.htm
